"","species","SGP001","SGP002","SGP003","SGP004","SGP005","SGP006","SGP007","SGP008","SGP009","SGP010","SGP011","SGP012","SGP013","SGP014","SGP015","SGP016","SGP017","SGP018","SGP019","SGP020","SGP021","SGP022","SGP023","SGP024","SGP025","SGP026","SGP027","SGP028","SGP029","SGP030","SGP031","SGP032","SGP033","SGP034","SGP035","SGP036","SGP037","SGP038","SGP039","SGP040","SGP041","SGP042","SGP043","SGP044","SGP045","SGP046","SGP047","SGP048","HKG001","HKG002","HKG003","HKG004","HKG005","HKG006","HKG007","HKG008","HKG009","HKG010","HKG011","HKG012","HKG013","HKG014","HKG015","HKG016","HKG017","HKG018","HKG019","HKG020","HKG021","HKG022","HKG023","HKG024","HKG025","HKG026","HKG027","HKG028","HKG029","HKG030","HKG031","HKG032","HKG033","HKG034","HKG035","HKG036","HKG037","HKG038","HKG039","HKG040","HKG041","HKG042","HKG043","HKG044","HKG045","HKG046","HKG047","HKG048","HKG049","TPE001","TPE002","TPE003","TPE004","TPE005","TPE006","TPE007","TPE008","TPE009","TPE010","TPE011","TPE012","TPE013","TPE014","TPE015","TPE016","TPE017","TPE018","TPE019","TPE020","TPE021","TPE022","TPE023","TPE024","TPE025","TPE026","TPE027","TPE028","TPE029","TPE030","TPE031","TPE032","TPE033","TPE034","TPE035","TPE036","TPE037","TPE038","TPE039","TPE040","TPE041","TPE042","TPE043","TPE044","TPE045","TPE046","TPE047","TPE048","TPE049","TPE050","ICN001","ICN002","ICN003","ICN004","ICN005","ICN006","ICN007","ICN008","ICN009","ICN010","ICN011","ICN012","ICN013","ICN014","ICN015","ICN016","ICN017","ICN018","ICN019","ICN020","ICN021","ICN022","ICN023","ICN024","ICN025","ICN026","ICN027","ICN028","ICN029","ICN030","ICN031","ICN032","ICN033","ICN034","ICN035","ICN036","ICN037","ICN038","ICN039","ICN040","ICN041","ICN042","ICN043","ICN044","ICN045","ICN046","ICN047","ICN048","ICN049","ICN050","NYC001","NYC002","NYC003","NYC004","NYC005","NYC006","NYC007","NYC008","NYC009","NYC010","NYC011","NYC012","NYC013","NYC014","NYC015","NYC016","NYC017","NYC018","NYC019","NYC020","NYC021","NYC022","NYC023","NYC024","NYC025","NYC026","NYC027","NYC028","NYC029","NYC030","NYC031","NYC032","NYC033","NYC034","NYC035","NYC036","NYC037","NYC038","NYC039","NYC040","NYC041","NYC042","NYC043","NYC044","NYC045","NYC046","NYC047","NYC048","NYC049","NYC050","IEV001","IEV002","IEV003","IEV004","IEV005","IEV006","IEV007","IEV008","IEV009","IEV010","IEV011","IEV012","IEV013","IEV014","IEV015","IEV016","IEV017","IEV018","IEV019","IEV020","IEV021","IEV022","IEV023","IEV024","IEV025","IEV026","IEV027","IEV028","IEV029","IEV030","IEV031","IEV032","IEV033","IEV034","IEV035","IEV036","IEV037","IEV038","IEV039","IEV040","IEV041","IEV042","IEV043","IEV044","IEV045","IEV046","IEV047","IEV048","IEV049","ILR001","ILR002","ILR003","ILR004","ILR005","ILR006","ILR007","ILR008","ILR009","ILR010","ILR011","ILR012","ILR013","ILR014","ILR015","ILR016","ILR017","ILR018","ILR019","ILR020","ILR021","ILR022","ILR023","ILR024","ILR025","ILR026","ILR027","ILR028","ILR029","ILR030","ILR031","ILR032","ILR033","ILR034","ILR035","ILR036","ILR037","ILR038","ILR039","ILR040","ILR041","ILR042","ILR043","ILR044","ILR045","ILR046","ILR047","ILR048","TYO002","TYO003","TYO004","TYO005","TYO006","TYO007","TYO008","TYO009","TYO010","TYO011","TYO012","TYO013","TYO014","TYO015","TYO016","TYO017","TYO018","TYO019","TYO020","TYO021","TYO022","TYO023","TYO024","TYO025","TYO026","TYO027","TYO028","TYO029","TYO030","TYO031","TYO032","TYO033","TYO034","TYO035","TYO036","TYO037","TYO038","TYO039","TYO040","TYO041","TYO042","TYO043","TYO044","TYO045","TYO046","TYO047","TYO048","TYO049","TYO050","VIE006","VIE014","VIE015","VIE017","VIE028","VIE031","VIE033","VIE035","VIE037","VIE040","VIE042","VIE043","VIE045","VIE047","VIE048","VIE049"
"1","Acinetobacter haemolyticus",50,0,0,82,0,0,0,0,0,0,83,41,0,31,86,0,0,0,0,0,0,0,0,0,0,0,0,52,33,0,32,35,0,41,0,0,0,30,105,31,36,0,0,0,0,70,0,0,54,0,0,53,126,0,0,0,0,0,0,0,0,0,0,0,0,117,0,0,0,0,0,0,0,188,0,0,0,0,0,0,0,0,0,0,0,30,0,0,0,0,0,0,0,0,0,0,0,26,0,0,0,0,51,0,1003,485,726,0,0,41,61,44,29,138,0,736,687,0,57,0,112,0,41,79,49,27,0,0,641,543,0,0,312,274,40,0,0,0,0,0,58,133,47,0,0,749,415,0,0,0,0,33,84,0,0,0,0,0,0,0,440,0,68,0,0,0,0,0,0,0,77,0,0,0,0,0,0,0,0,0,0,0,0,0,0,0,0,0,0,0,0,0,0,0,0,0,0,0,43,25,128,329,168,22,134,35,82,24,56,73,35,22,22,25,41,46,0,0,29,0,88,45,113,0,0,0,0,40,916,0,149,0,0,0,55,0,142,60,0,138,0,0,0,40,55,24,27,0,0,0,0,0,0,0,0,0,0,0,0,66,0,0,40,182,0,0,0,0,0,0,0,39,0,0,0,0,0,0,0,0,0,0,58,52,0,0,26,0,0,0,0,0,0,0,0,0,0,39,45,79,345,114,0,68,79,0,176,66,85,147,103,311,1722,272,2993,1506,192,293,32686,373,153,132,247,1802,234,646,134,475,193,880,253,784,246,177,105,182,40,470,4817,0,65,103,103,73,0,41,0,411,0,0,0,0,0,535,0,58,0,44,31,0,88,0,68,0,0,0,0,0,0,0,43,0,0,0,0,0,0,0,38,0,0,0,0,0,0,0,0,0,0,0,0,0,0,0,0,0,37,52,0,0,0,114,0,0,0,0,0,38,0
"2","Acinetobacter indicus",74,62,0,85,0,0,0,0,0,0,34,0,0,85,2539,131,62,371,0,101,26,0,0,0,394,0,0,201,56,0,0,0,0,50,48,81,0,22,94,0,0,0,0,0,0,58,0,0,218,79,97,56,55,0,0,0,0,0,0,0,40,0,0,0,0,84,49,98,0,0,0,0,0,0,0,0,0,0,0,0,0,0,0,0,0,0,0,0,0,0,0,0,0,0,0,0,0,74,0,0,0,0,59,35,0,0,33,0,43,34,0,0,59,0,28,76,113,0,0,0,0,0,0,42,51,46,0,28,118,95,0,0,50,57,0,0,0,0,0,0,24,28,0,0,0,78,59,0,0,0,0,0,22,0,40,0,0,0,0,0,106,0,0,0,0,0,40,0,0,0,0,0,0,0,0,0,0,0,0,0,0,0,0,0,0,0,0,0,0,0,0,0,0,0,0,0,0,41,194,74,419,52,52,24,58,39,127,38,106,224,23,0,0,51,60,82,0,39,52,0,115,66,160,0,0,0,29,113,359,0,68,50,33,0,98,0,54,148,243,36,28,25,0,34,90,76,22,0,88,48,66,0,40,57,0,63,0,44,0,620,24,54,377,84,0,0,59,154,0,0,0,150,0,63,52,79,0,0,68,77,0,0,56,66,0,95,77,0,0,0,0,0,0,0,0,0,49,182,228,477,3122,653,70,447,154,0,386,219,277,602,198,628,2076,1245,1777,1410,162,302,27640,371,336,206,226,3733,1879,497,1023,944,249,5830,1081,2590,715,133,392,369,34,209,1304,418,149,202,340,183,0,0,0,26,0,0,0,0,0,0,21,0,0,0,0,0,0,0,0,0,0,0,0,0,0,0,33,0,0,0,0,0,0,0,27,0,0,0,0,74,0,0,0,0,0,0,0,0,0,0,0,0,0,0,0,0,0,49,0,0,0,0,0,0,0
"3","Actinomyces radicidentis",274,0,0,63,0,0,0,115,33,25,77,271,161,73,85,50,52,41,0,149,38,0,0,0,0,0,75,100,41,75,75,88,130,141,0,47,59,129,43,125,70,108,425,149,112,48,32,111,0,27,0,32,58,106,87,0,116,72,0,130,76,141,0,185,90,77,74,60,0,0,194,258,113,39,75,43,25,0,0,0,158,145,48,0,154,0,69,29,41,100,61,133,103,71,31,45,198,41,97,0,0,38,128,0,0,29,37,0,0,41,210,192,47,39,0,66,87,0,69,0,40,0,0,130,53,68,0,27,43,39,96,134,441,275,54,27,39,37,82,0,0,0,0,39,64,0,37,0,0,25,0,36,57,0,35,71,0,0,39,0,0,31,27,0,0,0,42,57,0,38,40,0,28,0,0,29,0,80,0,0,0,0,89,0,0,0,0,56,150,39,45,0,65,43,93,0,0,69,80,59,132,110,158,117,150,37,177,40,233,160,93,83,557,158,39,255,129,81,159,200,189,110,83,130,60,95,74,115,0,99,146,101,38,309,86,109,125,158,58,84,108,68,178,43,107,83,40,29,103,411,52,0,175,88,0,534,0,56,75,374,64,230,216,121313,134,85,50,145,46,0,88,402,52,153,92,137,103,153,103,161,70,0,83,124,0,43,56,51,182,64,57,88,84,71,91,86,0,0,0,0,74,0,56,33,125,0,126,0,0,64,91,66,87,171,52,101,82,32,137,99,36,37,58,48,0,66,86,71,33,134,280,91,59,0,0,95,63,88,95,0,59,35,0,35,0,26,0,0,0,0,0,0,50,50,0,0,0,0,0,0,0,0,0,0,0,0,0,0,0,0,0,0,0,0,0,0,0,68,24,159,0,0,0,0,0,0,192,0,0,0,0,0,0,35,143,38,38,31,28,29,0,0,0,57,59,0,38,124,52
"4","Actinomyces viscosus",43,34,0,128,0,0,25,99,87,70,150,2593,0,47,114,0,178,0,0,0,0,0,0,70,0,0,116,39,0,62,114,63,72,36,0,223,0,670,132,1250,187,333,0,372,51,109,25,106,0,39,48,48,84,102,56,0,30,0,0,46,69,74,0,67,32,37,0,35,0,0,51,3788,1597,340,64,55,0,49,0,28,650,840,303,136,71,66,61,0,52,233,78,224,122,118,28,129,184,191,51,0,42,0,31,47,0,26,35,0,0,41,0,46,102,46,44,0,0,306,34,0,385,0,0,275,142,80,50,0,37,31,82,0,52,82,0,0,0,0,57,0,0,0,0,91,78,0,151,336,190,138,39,125,58,0,64,194,43,27,35,0,0,68,39,0,0,0,0,0,0,0,47,0,122,72,78,83,30,65,0,0,0,0,46,0,0,81,48,0,67,0,36,46,30,33,50,99,31,307,549,139,180,264,671,1119,658,171,448,58,2750,712,986,937,4836,412,192,148,1087,249,267,1461,128,258,115,536,234,408,128,154,0,966,733,178,67,758,204,550,537,139,401,732,376,650,6960,104,236,126,175,59,228,161,103,0,0,0,0,211,0,177,227,340,48,32,145,636,44,0,0,249,0,0,34,42,52,66,290,436,0,0,39,53,44,0,36,0,0,32,34,0,81,43,30,206,167,463,67,496,0,0,0,0,35,0,0,38,52,0,86,0,0,30,43,0,99,85,67,67,35,75,45,38,0,31,139,166,0,81,34,31,55,235,83,48,0,0,0,563,0,106,0,0,108,42,0,0,0,83,0,0,0,105,0,438,0,34,203,44,46,84,0,0,80,0,90,0,0,0,46,0,46,30,76,0,0,36,100,0,0,0,209,339,0,0,0,62,0,93,4494,0,0,0,87,77,70,279,483,326,320,217,123,80,82,41,35,76,88,44,86,36,62
"5","Brachybacterium faecium",190,84,0,66,0,0,0,149,78,38,357,133,0,53,184,47,75,49,0,0,44,0,0,0,0,59,45,81,33,163,63,130,381,80,59,54,0,114,69,141,131,100,0,137,153,140,0,181,78,112,104,67,202,32,0,0,76,58,0,145,42,131,0,206,82,64,68,62,0,0,104,190,116,99,143,266,35,0,50,52,2540,1496,639,211,157,62,153,43,94,265,28,98,148,147,37,55,332,85,99,66,85,82,111,48,25,42,52,0,51,90,118,105,90,0,66,51,0,0,73,0,100,60,39,70,183,94,0,42,70,0,105,64,94,81,133,29,32,36,138,57,0,64,0,37,90,0,54,0,0,64,72,222,151,0,54,176,53,0,59,0,0,0,72,0,0,0,42,52,0,37,46,0,41,0,0,61,0,43,0,0,0,35,115,48,0,0,0,63,141,0,69,0,69,77,80,0,31,101,88,142,376,96,242,133,1483,66,326,88,217,402,111,155,154,223,136,473,88,359,457,179,552,212,163,120,165,181,387,262,0,151,514,167,83,267,431,60,340,448,116,442,155,728,42,44,265,283,163,49,162,42,58,0,59,100,0,93,0,57,0,190,0,126,106,127,42,52,57,250,0,0,84,304,0,51,48,52,0,0,90,83,53,0,0,0,0,55,37,0,317,88,60,131,154,60,350,63,0,47,0,0,170,0,46,159,259,0,337,0,0,254,169,160,230,686,324,515,1467,272,394,112,224,76,541,392,265,366,293,535,170,526,352,823,247,63,88,479,100,1374,713,0,171,134,158,275,0,41,0,112,0,0,0,0,39,132,0,0,0,112,71,0,0,0,0,0,48,0,0,36,0,0,35,0,0,0,0,0,0,102,33,0,0,0,0,0,0,40,0,0,0,0,0,0,0,36,47,58,52,134,34,48,0,36,34,193,178,94,66,144,82
"6","Brachybacterium ginsengisoli",153,56,0,51,0,0,0,144,100,0,267,130,0,41,174,28,58,61,0,0,58,0,0,0,35,41,0,59,34,180,85,263,376,68,44,38,0,133,83,103,104,60,0,107,178,115,0,173,58,105,125,66,212,28,0,0,78,46,42,118,68,86,0,146,60,56,96,54,0,0,102,171,94,104,157,252,40,0,47,47,2302,1330,577,200,171,48,172,31,102,258,65,142,220,137,31,57,196,103,127,52,87,131,112,36,42,32,44,0,31,97,125,102,90,0,60,0,0,0,31,0,69,40,39,46,122,106,0,0,63,39,76,69,69,102,128,38,34,0,107,40,0,71,0,37,43,0,40,0,0,71,38,165,181,0,53,167,36,0,87,49,0,0,64,0,0,0,63,52,0,28,48,0,0,0,0,98,0,73,0,0,0,40,125,43,0,0,0,53,182,34,59,0,80,75,72,0,0,103,125,128,310,83,211,164,1172,54,357,56,191,417,62,209,159,254,78,443,102,307,400,124,502,159,195,114,133,162,317,235,27,154,532,167,57,281,329,85,251,387,74,412,144,679,52,32,219,264,132,43,183,61,56,0,44,67,0,97,0,0,0,135,36,94,69,110,39,47,48,203,0,0,123,283,0,52,46,55,0,0,87,72,52,0,0,0,0,51,35,0,279,80,76,120,208,67,286,63,0,50,0,43,135,0,0,162,202,0,298,0,0,267,129,175,224,642,272,451,1398,275,335,119,255,61,451,268,279,308,267,497,142,464,333,804,260,62,100,477,111,1207,633,0,149,94,180,326,0,34,0,128,0,0,0,0,41,134,52,0,0,102,50,0,0,0,0,0,35,0,0,41,0,0,0,0,0,0,0,0,0,90,38,0,0,0,0,0,0,0,0,0,0,0,0,0,0,26,35,61,64,149,37,46,0,42,33,210,152,71,48,172,100
"7","Brevundimonas subvibrioides",134,48,0,46,0,0,0,63,0,0,161,22,0,44,66,40,33,49,0,27,117,0,0,0,50,26,0,72,36,41,26,51,84,59,25,22,29,0,113,40,36,26,0,74,100,85,0,56,87,69,279,165,257,141,50,0,148,73,184,198,61,94,23,309,273,44,88,69,0,0,173,60,73,250,907,439,100,44,45,51,1252,2145,707,80,189,207,231,116,152,652,68,203,128,148,36,32,178,73,68,43,79,98,109,34,45,140,89,0,66,98,65,72,52,76,80,96,70,28,52,0,151,31,0,68,201,134,0,58,333,264,97,106,49,69,212,120,218,42,50,0,22,71,0,96,206,0,79,0,0,0,31,74,134,28,188,53,74,0,95,0,129,0,83,0,0,0,59,146,0,29,36,0,34,0,50,0,0,56,0,0,0,30,130,40,0,0,41,63,315,48,74,0,130,56,209,35,22,66,41,78,203,324,93,92,294,62,177,33,90,209,58,113,90,318,111,185,65,186,172,102,171,139,143,105,140,129,94,113,82,123,123,100,55,158,130,62,120,194,65,59,93,103,35,0,63,132,77,48,41,35,0,0,25,0,0,66,0,58,0,151,22,53,70,28,25,0,0,38,0,0,0,53,0,47,22,28,0,24,57,62,33,0,0,0,0,89,84,0,205,41,44,92,59,0,89,0,0,0,0,0,152,0,0,34,189,0,133,0,0,58,124,28,0,106,89,81,76,26,243,72,42,0,57,0,39,0,158,87,0,29,40,36,0,0,0,0,66,26,80,0,31,39,24,40,0,68,0,422,0,0,0,0,74,466,37,0,0,0,39,25,0,0,0,0,0,0,33,38,0,0,183,0,0,28,0,0,0,42,185,0,0,0,0,24,24,0,0,0,748,0,0,24,0,30,0,38,0,41,0,42,0,433,25,126,70,122,108,45,56
"8","Cellulomonas fimi",274,34,0,64,0,0,0,219,36,0,176,50,215,71,43,187,108,149,0,0,121,63,0,37,52,83,52,109,72,152,42,150,439,65,0,0,0,41,65,55,118,51,0,288,360,74,0,207,30,54,110,45,39,72,74,0,221,225,106,405,129,257,64,616,138,151,155,200,134,165,463,46,41,35,116,59,58,38,47,50,230,216,81,84,383,0,80,0,45,104,93,238,283,82,52,109,530,88,124,62,123,91,43,51,31,49,75,0,39,58,108,107,36,51,28,0,0,0,107,40,56,67,83,48,111,66,0,0,53,28,67,45,115,101,62,41,32,68,92,0,0,33,0,73,120,0,0,0,87,0,30,50,162,0,67,65,36,0,70,0,0,0,45,57,112,0,87,314,99,83,237,42,229,0,110,41,0,197,57,43,0,74,465,217,0,44,128,109,687,74,396,0,376,384,292,0,0,96,55,205,348,72,145,56,106,95,269,40,160,256,40,186,96,1406,153,409,102,197,576,148,409,256,247,196,195,227,114,175,52,55,180,219,143,173,190,255,184,352,110,99,154,125,26,34,183,109,51,138,35,0,0,0,82,118,0,37,0,72,0,64,29,111,34,115,69,44,45,44,91,0,63,99,0,65,0,27,102,74,143,208,72,0,0,165,0,33,0,0,1098,143,217,250,215,0,501,30,0,59,46,52,345,0,113,248,384,0,582,0,0,354,246,160,86,622,107,338,168,56,302,341,50,38,92,61,71,119,272,169,85,87,69,142,115,76,52,149,256,169,293,0,111,163,241,157,0,0,0,38,216,0,0,0,155,55,0,0,0,35,68,64,0,30,0,171,61,0,0,81,0,32,56,234,0,29,0,0,0,0,36,31,0,0,0,0,0,0,53,0,50,58,0,0,0,0,0,23,39,126,68,115,0,46,39,376,312,79,87,234,143
"9","Conexibacter woesei",288,66,0,72,0,37,0,124,48,25,99,48,0,130,30,112,138,252,105,51,69,0,29,108,71,89,44,196,112,100,0,167,304,35,57,60,28,36,55,61,47,23,0,229,166,49,0,112,29,63,76,36,53,40,0,0,280,188,56,585,117,155,24,273,176,109,114,159,31,30,157,0,0,37,433,112,90,0,30,0,77,78,21,183,784,0,646,67,258,1292,79,181,253,51,34,48,157,52,75,103,118,107,107,57,23,40,57,0,46,68,135,151,41,38,29,28,39,0,65,0,37,89,74,31,61,51,0,26,30,23,61,77,50,48,63,47,43,68,77,0,0,36,0,29,57,0,30,0,47,0,23,64,210,0,33,38,25,0,67,589,0,0,68,35,23,64,102,192,0,56,76,0,66,0,88,27,0,338,0,29,0,153,210,155,0,0,68,106,776,147,231,0,331,299,272,0,0,88,63,132,249,45,106,67,46,85,155,31,141,164,96,114,114,197,158,283,35,238,239,156,291,113,130,198,126,235,99,124,63,66,137,145,157,157,122,41,153,232,78,68,98,84,51,26,103,111,40,103,42,0,0,0,131,168,48,0,0,98,30,114,30,118,76,46,104,61,69,50,31,0,81,142,0,137,22,24,38,35,205,200,85,28,0,0,0,75,47,0,392,112,125,242,189,0,286,28,46,93,0,53,261,37,103,204,332,0,309,0,0,230,624,284,149,881,147,421,160,69,504,478,47,38,108,50,42,178,508,122,120,77,49,115,111,45,49,72,114,159,141,0,110,195,70,108,0,0,23,45,0,0,0,0,151,66,0,0,0,0,0,97,0,0,0,0,128,0,0,147,0,24,0,90,0,26,0,0,0,36,0,33,52,0,0,29,37,0,23,0,0,0,0,24,0,0,60,33,71,124,49,91,0,58,77,170,143,64,37,93,149
"10","Corynebacterium glaucum",46,28,0,31,0,0,0,65,106,24,98,126,0,32,29,0,0,0,0,0,0,0,0,0,0,0,0,0,0,90,158,98,57,0,128,24,0,107,66,258,197,105,0,123,0,97,0,106,0,24,0,0,31,0,0,29,25,0,0,26,0,0,0,0,0,0,0,0,0,0,0,133,187,137,50,47,0,0,0,0,403,139,95,0,0,58,24,0,46,48,26,23,25,0,0,0,98,0,0,0,29,0,35,0,0,0,0,0,48,29,0,0,109,0,0,0,0,0,24,0,28,0,0,55,64,72,0,0,0,21,0,43,49,74,0,0,0,46,24,0,0,0,0,0,22,0,45,0,0,30,28,27,0,0,45,58,72,0,0,0,0,0,28,0,0,0,0,0,0,0,0,0,0,0,0,125,0,0,0,0,0,0,0,0,0,0,0,0,23,0,0,26,0,64,22,25,0,184,395,124,113,106,1154,466,1328,85,174,47,210,339,398,260,1069,418,33,78,108,304,127,534,204,112,112,368,210,294,69,151,0,2517,1026,157,0,377,196,310,918,89,158,639,215,0,25,51,105,112,408,0,0,37,0,0,22,0,0,44,0,0,0,165,25,0,69,0,0,0,0,22,0,0,0,33,0,0,46,54,0,0,0,0,0,0,0,0,0,27,28,0,33,29,0,168,109,61,104,75,0,0,0,0,0,0,0,61,127,0,81,0,0,145,30,82,130,369,260,123,36,269,27,38,659,63,138,220,29,334,34,96,45,1983,45,0,0,245,0,152,0,666,0,0,115,50,52,0,0,275,0,24,0,0,0,0,0,32,35,30,0,80,345,0,31,0,83,0,0,0,0,0,21,32,62,0,0,26,28,0,0,24,36,33,0,0,0,55,0,0,0,0,0,0,24,59,35,138,226,160,88,368,32,112,0,0,59,140,359,36,81,26,159
"11","Corynebacterium glutamicum",0,171,0,0,0,0,0,0,0,0,0,254,0,0,0,0,0,0,0,0,0,0,0,0,0,0,0,0,0,0,0,0,0,0,0,0,0,328,0,288,312,185,0,0,0,0,0,660,0,0,0,0,0,0,0,0,0,0,0,0,0,0,0,0,0,0,173,94,0,0,0,292,0,217,841,250,0,0,0,0,3572,1422,1070,0,0,234,588,0,545,1264,208,0,0,0,0,195,322,302,0,0,0,199,208,185,0,0,0,0,0,0,0,0,0,0,0,0,0,0,0,0,0,0,0,0,0,0,0,0,0,0,0,0,0,0,0,0,0,0,0,0,0,0,0,0,0,0,0,0,0,0,0,0,0,0,0,0,0,0,0,123,0,0,200,0,0,0,0,0,0,0,183,0,0,0,0,0,0,0,0,0,0,0,0,0,0,0,0,0,0,0,0,0,0,0,0,0,0,952,846,267,443,906,1943,600,1544,0,2240,393,1041,1886,1953,1035,2709,2247,192,827,435,1785,571,780,2036,394,409,1132,726,1126,644,592,0,10077,3088,457,0,502,637,1085,2538,964,726,538,1107,579,0,171,402,1042,3450,0,0,0,0,0,0,0,0,0,0,0,0,0,0,0,0,0,0,0,0,0,0,0,0,0,0,0,0,0,0,0,0,0,0,0,0,0,0,0,0,0,0,0,0,0,0,0,320,0,0,0,0,0,0,0,0,0,0,0,0,0,0,437,0,0,205,1423,437,254,0,0,0,0,0,0,0,660,0,479,0,0,0,791,252,305,0,1845,805,207,0,315,176,0,0,0,0,132,0,192,0,142,0,0,0,0,0,181,227,0,0,0,355,0,0,0,0,0,0,0,0,0,0,0,0,0,0,0,0,0,0,268,0,0,0,0,0,0,0,0,0,0,0,0,0,0,0,0,0,0,258,0,0,0,0,0,0,0,0,0,0,0,0
"12","Corynebacterium variabile",218,34,0,263,0,0,0,64,72,26,107,318,0,52,214,54,41,58,0,38,27,0,0,0,0,0,0,80,0,81,161,111,121,422,0,75,37,403,30,128,93,93,0,90,55,40,28,66,49,157,100,105,80,0,0,0,37,61,0,61,34,34,0,82,41,46,189,50,0,0,86,59,37,26,47,47,28,0,0,0,415,275,121,44,79,34,58,0,60,95,64,52,81,25,0,47,53,93,49,68,107,69,162,63,0,0,41,0,34,76,701,660,98,60,46,0,0,0,48,0,40,173,29,164,89,108,0,0,77,34,33,57,45,113,55,0,0,55,154,82,0,44,0,0,74,0,159,0,45,0,60,104,174,0,79,599,0,0,41,0,0,0,55,0,0,0,64,0,0,59,118,0,0,0,0,126,0,60,0,83,0,34,56,63,0,0,0,76,97,47,45,0,45,0,164,38,0,239,647,183,525,106,614,754,721,159,938,121,728,348,138,198,426,642,89,1575,160,346,248,199,1478,386,343,152,193,211,313,444,0,486,582,346,147,502,460,132,1476,798,214,278,366,87,57,78,484,1122,233,0,36,80,40,0,68,49,0,106,0,0,0,168,0,85,85,383,62,58,43,44,0,0,35,441,0,76,73,125,0,0,97,81,0,0,53,0,0,59,66,0,104,48,38,102,71,198,122,194,0,43,0,0,76,0,0,57,41,0,130,0,0,121,68,65,66,198,157,123,57,62,186,39,34,122,65,591,45,114,109,119,147,354,288,312,162,43,45501,60,34,113,93,64,63,50,63,35,0,91,62,2193,85,46,0,0,58,2317,75,0,0,38,30,0,0,0,27,0,0,38,0,0,0,0,25,0,0,0,0,0,0,2907,0,0,0,0,0,36,60,0,0,0,0,0,0,57,0,44,66,111,30,72,29,68,40,33,37,105,92,29,0,304,93
"13","Corynebacterium xerosis",62,0,0,24,0,0,0,197,291,198,173,723,0,51,22,45,0,31,0,0,29,0,0,0,0,0,0,38,0,597,430,271,150,32,39,0,0,552,689,1133,799,1302,0,124,50,2095,0,283,35,37,35,29,101,0,0,0,51,44,0,75,28,51,0,111,47,31,62,26,0,0,68,44,38,27,49,35,0,0,0,0,293,145,131,26,92,25,56,0,38,77,39,71,65,38,27,50,86,35,35,47,0,51,141,66,0,0,0,0,30,37,35,48,56,0,0,0,0,0,26,0,36,59,27,46,72,48,0,0,24,0,40,96,53,45,32,0,33,30,99,31,0,33,0,0,62,0,25,0,0,0,29,85,62,0,31,65,41,0,0,97,0,23,22,0,0,0,0,78,0,0,61,0,0,0,0,30,0,48,0,0,0,0,40,45,0,0,0,0,96,0,0,0,41,32,62,0,0,118,138,70,110,205,467,366,21207,76,221,86,290,150,298,160,657,171,49,273,308,540,186,728,342,102,140,200,175,255,63,122,42,686,1254,171,56,147,130,96,721,160,72,800,200,73,37,36,97,176,287,27,0,0,46,0,43,49,0,35,0,42,0,148,0,26,97,71,52,0,136,38,0,0,29,97,0,123,0,23,0,0,57,64,0,0,0,0,0,24,0,0,100,48,56,156,129,473,292,554,0,65,0,58,88,0,57,164,213,0,433,0,36,813,119,181,257,560,595,414,87,152,216,89,72,129,84,1043,130,270,94,77,125,435,393,2099,515,105,157,118,46,175,291,231,112,127,108,44,0,56,0,272,0,0,0,0,0,295,0,0,0,0,57,0,0,0,0,0,0,0,0,0,0,0,0,0,0,0,0,0,0,29,0,0,0,0,0,0,43,0,0,0,0,0,0,0,0,77,354,286,61,190,30,157,25,69,32,99,117,60,128,65,202
"14","Cupriavidus pauculus",187,125,0,58,0,46,27,68,0,0,80,0,32,56,50,33,68,70,40,64,52,33,120,0,148,0,0,142,35,36,0,0,114,88,47,37,117,0,0,0,0,0,30,79,86,25,0,32,59,68,53,66,457,41,28,0,157,118,82,215,56,100,44,165,197,62,57,56,57,89,81,0,0,38,218,186,131,53,0,50,54,47,29,102,189,0,425,81,202,1947,0,39,61,53,0,0,46,63,122,47,1108,497,175,55,454,668,566,62,241,57,292,273,46,198,134,84,73,54,174,55,63,145,484,242,595,663,47,1735,101,124,769,952,189,191,665,857,786,66,94,0,122,260,127,299,569,0,114,0,55,0,91,72,72,22,44,44,55,0,24,47,39,0,35,108,28,0,40,86,118,47,55,27,0,0,0,29,33,80,38,44,0,31,209,36,0,24,40,85,324,35,252,278,98,120,79,0,24,54,52,61,148,36,96,57,63,71,88,0,55,80,47,280,108,184,102,149,33,217,234,86,154,89,100,79,207,158,60,102,107,60,79,152,83,79,76,37,215,110,67,47,75,137,211,0,68,102,30,46,0,0,0,0,0,47,0,0,0,61,0,68,0,64,29,47,29,38,0,0,34,0,0,76,0,80,81,47,29,36,118,72,32,0,0,0,0,0,35,0,134,67,89,107,63,0,90,0,0,0,0,0,111,0,0,54,96,0,81,0,0,49,114,30,36,104,44,81,44,0,186,109,0,0,0,0,33,31,71,76,0,0,30,0,0,0,0,0,69,60,50,0,0,52,42,54,0,33,0,159,32,0,0,0,104,167,221,0,0,0,0,33,23,0,0,37,0,0,0,48,0,37,26,94,0,0,0,0,0,0,0,0,0,0,0,0,0,0,36,0,0,45,0,0,0,0,0,0,0,0,33,0,0,0,35,58,38,33,0,57,79
"15","Cystobacter fuscus",100,60,0,39,110,0,0,34,0,0,25,0,0,32,0,39,42,111,0,28,88,0,0,30,61,48,35,86,54,30,0,25,180,37,44,0,28,0,0,27,0,0,0,389,53,0,0,34,189,0,0,312,27,0,0,0,140,93,42,255,62,112,0,202,158,65,42,61,31,26,74,0,0,23,48,0,0,0,0,0,54,50,0,53,289,0,31,0,0,60,0,38,59,25,0,0,55,1104,41,5536,73,52,417,21120,46,74,85,0,43,2354,48,67,66,287,128,54,34,37,43,98,340,859,504,166,66,181,0,37,370,27,382,1518,166,192,123,44,65,497,513,96,62,67,0,128,2321,126,34,0,26,0,0,37,95,0,28,29,26,0,24,874,0,0,34,976,0,34,82,117,31,38,62,0,53,0,0,0,0,368,0,27,0,59,162,757,0,0,29,102,610,41,8159,0,1521,91,75,0,0,27,45,59,235,314,52,43,46,31,78,107,67,66,27,79,57,94,232,119,0,10006,206,79,497,55,65,51,3869,104,72,50,56,594,92,259,514,80,62,27,77,106,0,40,46,96,48,0,92,70,0,791,0,0,0,0,51,33,0,0,0,77,75,32,0,57,0,48,30,78,52,0,93,0,41,95,0,56,0,0,0,0,151,71,40,0,0,0,0,0,42,0,119,36,48,64,79,0,58,0,156,372,37,67,615,86,110,947,594,0,183,0,38,744,639,1355,42,358,44,284,91,44,230,1173,643,0,248,0,24,49,136,96,1397,97,57,108,63,122,105,680,455,330,256,0,78,139,111,5565,0,0,0,43,0,0,0,0,82,34,0,0,0,0,0,32,0,0,0,0,27,0,0,39,0,0,0,0,0,0,0,0,0,0,0,0,0,0,0,0,0,0,0,0,0,0,0,0,0,0,0,0,0,26,0,0,0,30,0,44,44,44,0,79,37
"16","Deinococcus actinosclerus",472,89,0,99,0,0,0,64,0,0,57,0,0,254,34,210,175,254,44,50,644,0,0,100,198,430,217,341,227,48,0,58,192,86,142,67,41,30,34,47,0,0,0,117,137,25,35,80,120,122,47,143,66,50,60,0,1169,682,244,2622,106,87,0,1444,288,2163,164,199,0,33,1258,0,0,32,52,65,48,47,0,32,130,198,97,84,222,0,39,0,62,70,50,55,47,58,49,98,999,70,100,131,71,135,121,125,0,0,0,0,37,179,63,44,143,42,66,43,0,0,54,0,59,51,36,185,82,88,0,30,52,0,52,54,61,75,45,0,49,40,145,34,0,46,0,41,43,54,45,0,52,0,36,77,265,0,629,117,32,0,56,0,69,0,68,0,0,0,72,155,59,170,104,0,101,0,0,55,0,105,32,57,0,75,133,80,0,0,0,41,1404,49,92,0,89,73,145,0,33,96,83,303,507,2014,156,77,110,158,491,52,311,355,37,172,240,602,261,780,35,307,296,337,747,380,424,422,234,364,184,308,65,59,155,328,157,275,256,73,391,670,229,78,210,272,38,0,284,172,55,56,85,0,33,32,163,155,37,0,0,329,45,74,62,236,45,42,142,203,85,84,210,0,56,264,62,230,31,41,0,62,499,401,349,37,0,0,0,89,57,0,351,113,507,122,188,0,142,0,0,0,0,32,200,0,0,40,92,0,135,0,0,48,67,31,50,152,51,88,65,0,81,77,0,0,48,0,24,38,85,42,49,48,51,93,66,0,0,0,49,58,83,0,70,127,48,33,0,79,0,71,0,0,0,0,164,75,0,0,0,0,0,112,0,0,0,0,147,0,0,166,0,0,29,0,0,0,29,0,0,113,0,44,0,0,0,39,49,0,0,0,0,0,0,29,0,0,0,0,39,75,0,57,0,0,116,157,117,34,654,773,57
"17","Delftia acidovorans",159,255,0,0,0,0,121,156,0,0,0,0,0,0,0,0,0,0,0,0,0,0,145,0,0,0,0,0,0,115,0,0,0,100,0,0,211,100,0,0,0,0,0,0,164,0,0,85,0,0,302,113,205,0,369,0,271,374,302,219,0,0,158,208,307,191,199,0,172,169,168,0,0,0,0,0,175,0,210,159,140,121,0,735,276,0,0,0,0,0,0,0,0,0,0,0,138,0,134,0,125,168,112,0,0,191,120,0,0,0,0,0,131,732,106,266,238,0,292,0,0,0,0,0,120,0,0,0,0,0,191,370,161,169,166,345,338,123,0,0,0,192,0,0,227,0,150,0,165,0,84,134,146,151,147,130,248,0,0,2118,199,0,0,0,205,0,147,0,1585,95,170,0,0,0,0,100,150,213,305,0,0,0,0,0,0,0,0,0,481,119,0,130,211,221,179,0,872,211,87,212,295,173,372,171,237,140,340,0,253,261,478,345,349,565,169,306,124,366,326,273,332,212,280,208,402,230,161,166,198,545,240,245,0,223,234,431,839,327,194,156,294,385,339,0,204,154,206,215,0,0,0,0,0,0,0,0,0,0,0,0,0,0,0,77,0,0,0,0,0,0,0,0,0,0,0,0,0,0,0,0,0,0,0,0,0,141,0,0,253,0,181,171,0,0,170,85,0,0,0,0,0,0,0,0,130,0,0,0,0,194,184,0,0,137,152,165,147,0,261,183,0,0,0,0,579,0,144,0,0,0,0,0,0,0,0,0,142,0,0,0,0,0,147,0,0,56,0,398,0,0,0,0,0,415,184,120,0,0,0,0,0,0,0,0,0,0,0,0,0,0,187,2883,0,0,0,0,0,0,133,0,0,0,0,0,0,1655,0,0,0,0,0,0,0,0,0,0,0,0,0,0,0,71,0,236,112,227,0,0,0
"18","Dietzia psychralcaliphila",61,88,0,27,0,0,0,116,52,29,194,113,0,25,28,44,0,45,0,33,0,0,0,0,0,0,0,0,0,194,62,149,271,0,0,0,26,63,86,103,112,64,0,96,303,148,0,255,43,33,50,49,85,0,0,0,46,32,0,96,103,83,0,214,43,110,194,114,0,0,112,47,26,32,96,33,0,56,134,97,164,69,49,30,89,99,98,0,48,138,76,166,234,499,174,267,125,53,40,44,0,60,83,46,0,0,28,0,0,59,59,61,51,28,0,0,0,0,44,0,27,28,0,29,62,37,0,0,0,0,0,41,71,26,38,0,27,25,55,0,0,0,0,0,58,0,36,0,0,0,22,82,131,0,122,88,0,0,107,0,0,27,45,0,0,0,52,48,28,49,76,0,0,0,29,57,0,86,50,52,0,43,62,49,0,0,28,43,145,32,38,0,74,221,95,0,0,158,97,440,765,195,249,267,290,166,684,117,568,1669,73,467,301,403,165,562,170,364,825,242,699,332,383,192,289,297,287,511,42,139,292,300,126,359,328,90,332,749,261,129,198,208,47,72,280,291,153,138,29,0,0,0,36,34,0,28,0,25,0,86,0,63,32,43,27,0,46,24,0,0,0,72,0,49,0,0,0,0,60,79,41,0,0,0,0,0,0,0,214,70,47,216,84,46,265,72,0,0,0,0,74,0,0,70,89,0,151,0,0,81,112,65,91,441,412,206,100,75,169,82,54,38,72,174,31,127,109,179,120,151,45,217,60,41,0,33,34,128,451,0,78,59,27,47,0,96,0,155,0,0,0,0,35,165,0,0,0,49,0,46,0,0,0,0,50,0,0,0,0,0,103,0,0,0,0,0,0,0,68,0,0,0,0,0,0,0,0,0,0,0,0,0,0,0,36,29,26,158,39,60,0,70,0,200,86,27,44,79,88
"19","Enterobacter hormaechei",238,0,816,3828,0,0,0,0,285,0,190,260,0,247,445,0,203,727,0,0,0,0,0,0,0,0,0,196,269,0,179,409,0,5001,0,457,0,240,269,412,0,189,0,0,0,242,0,144,0,0,0,0,0,0,0,0,0,0,0,0,0,0,0,0,0,0,663,2038,0,0,0,0,0,0,0,0,0,0,0,0,2542,179,0,0,0,0,0,0,0,254,0,0,0,272,0,0,261,0,0,0,0,0,134,0,0,0,0,0,0,0,0,0,0,0,0,0,0,0,0,0,0,0,0,309,0,0,0,0,0,0,0,0,0,0,0,157,234,0,0,0,0,0,0,0,0,162,0,0,0,252,0,0,0,0,0,0,0,0,0,0,0,0,0,0,0,0,0,0,0,0,0,0,0,0,0,0,0,0,0,0,0,0,0,0,0,0,0,0,0,0,0,0,0,337,0,0,0,282,720,207,822,451,994,714,816,233,2155,0,570,526,553,256,4185,616,190,751,1163,639,414,329,463,715,350,330,254,315,0,288,312,361,629,1780,0,365,265,348,1192,389,275,3844,378,0,0,0,440,432,206,0,0,618,0,0,0,0,0,961,0,0,0,256,0,0,156,8411,0,0,0,310,0,0,0,0,0,0,0,0,0,0,0,0,0,0,3753,0,0,408,274,0,0,0,0,0,0,0,0,141,0,0,0,0,1292,0,0,426,0,0,271,0,0,325,527,0,355,160,0,628,0,0,1021,0,0,0,0,2623,0,0,175,815,0,565,1751,289,7066,0,3331,400,464,0,271,0,0,0,228,0,0,0,0,0,0,0,0,0,0,0,0,0,0,0,0,0,0,0,0,0,0,0,0,0,0,0,0,0,0,0,0,0,0,0,0,0,0,0,0,0,0,0,0,0,297,0,0,0,0,0,0,0,0,332,280,0,0,0,0,219,124,0,0,0,0
"20","Hymenobacter nivis",132,37,0,40,0,0,0,172,0,0,48,34,0,43,0,41,0,76,213,0,641,0,0,0,34,403,126,111,0,47,0,81,476,50,0,0,0,0,0,35,27,0,30,389,176,0,0,64,0,0,0,0,0,48,0,0,226,145,151,604,54,89,0,1331,66,440,44,71,0,0,320,0,0,0,0,0,52,0,0,0,0,0,0,267,273,0,0,0,0,0,0,0,0,0,0,0,0,0,0,43,51,39,45,0,0,0,0,0,0,42,0,0,0,0,71,0,0,0,0,0,0,37,0,0,0,0,0,0,0,0,0,0,36,34,0,0,0,0,0,0,0,0,0,0,0,69,0,0,116,0,0,0,56,0,0,30,0,0,0,0,0,0,0,765,0,0,30,114,0,86,57,0,26,0,0,0,0,514,0,0,0,60,1247,77,0,96,0,46,363,218,865,0,727,92,127,0,37,241,142,326,583,47,519,66,95,279,629,152,338,275,44,332,168,774,677,1022,44,276,547,408,905,457,450,331,283,349,337,503,0,77,419,663,350,250,453,121,1349,691,294,89,348,316,75,55,742,287,84,375,0,0,0,0,42,35,0,0,0,372,0,0,0,40,0,29,31,144,0,0,1846,0,47,30,0,55,0,0,0,34,61,66,40,0,0,0,0,0,0,0,338,229,952,311,343,0,110,0,0,0,0,0,50,0,0,0,31,0,38,0,0,74,56,0,0,48,0,40,0,0,54,0,0,0,0,0,0,0,0,0,0,0,0,0,0,0,0,0,198,0,0,0,38,0,0,0,0,0,0,0,0,0,0,0,375,39,0,0,0,0,0,49,0,0,0,0,80,0,0,90,0,0,0,110,0,0,0,0,0,70,0,28,0,79,55,40,41,0,0,0,0,0,0,0,0,0,0,0,0,60,45,51,0,0,0,273,144,51,0,44,181
"21","Intrasporangium calvum",135,36,0,33,0,0,0,201,75,0,129,71,0,50,50,88,53,158,55,24,48,0,0,45,52,62,40,133,67,214,41,178,348,37,27,0,0,53,65,109,92,52,0,203,200,102,0,226,42,54,47,50,80,36,0,0,127,109,30,205,114,446,0,334,72,206,145,128,0,0,240,32,22,41,225,124,34,81,86,29,480,450,147,48,221,0,213,66,87,212,305,721,824,175,90,179,1491,64,404,69,58,75,65,46,0,37,135,0,0,45,196,215,34,41,41,32,0,0,160,31,39,155,191,48,151,155,0,24,23,0,39,37,80,111,195,37,60,91,443,100,0,55,0,103,185,0,29,0,25,0,29,89,190,0,72,60,33,0,45,0,0,0,52,28,0,0,53,92,31,54,69,0,113,0,56,97,0,205,0,47,0,76,209,80,0,0,56,88,521,38,93,0,142,125,168,0,0,96,65,203,343,81,408,72,126,200,268,50,246,215,44,144,128,394,121,559,265,207,317,125,444,171,202,141,207,194,115,170,56,84,159,267,175,241,173,49,220,381,89,79,197,94,40,26,189,148,53,95,40,0,0,0,102,96,0,26,0,67,0,81,28,90,30,110,68,39,0,44,0,0,40,103,0,73,29,29,28,0,119,92,43,0,0,0,0,42,35,0,425,134,185,187,195,36,361,54,0,68,0,44,159,0,41,165,303,0,390,0,0,210,311,148,125,468,114,343,384,114,379,334,94,53,198,93,80,196,420,180,105,144,113,296,139,58,37,81,98,141,283,0,107,129,45,96,0,0,0,53,0,0,0,0,64,61,0,0,0,32,0,58,0,0,0,0,87,0,28,81,0,0,47,0,0,0,0,0,0,42,89,0,0,0,0,0,0,0,0,0,29,0,0,0,0,32,57,31,55,96,52,76,0,41,38,263,187,61,392,845,139
"22","Janthinobacterium agaricidamnosum",124,80,0,77,0,0,0,139,37,0,122,0,0,53,52,0,49,67,39,35,155,0,48,0,65,0,0,100,49,101,49,126,238,46,0,37,75,40,51,45,51,42,40,130,106,47,0,153,0,42,37,43,114,651,156,0,198,201,589,181,51,76,44,166,424,131,65,53,51,57,70,0,0,60,115,122,67,51,0,47,178,60,39,75,119,0,98,0,63,106,0,0,0,0,0,0,35,95,49,55,45,77,78,47,0,86,80,0,49,67,47,38,58,55,54,77,80,0,95,0,36,0,0,137,45,0,0,47,37,45,65,125,40,66,54,104,97,57,0,0,0,56,0,0,57,0,59,42,75,0,46,458,125,44,73,77,0,0,51,74,60,0,91,964,0,0,122,211,95,83,154,0,60,0,72,0,0,160,56,0,0,63,789,95,0,0,46,103,473,128,1877,0,170,679,360,0,54,132,133,239,485,83,320,163,163,148,362,73,213,394,65,291,231,485,327,473,70,627,384,379,464,361,437,198,379,548,202,470,183,95,191,632,217,245,274,238,698,373,147,118,203,185,244,88,285,226,90,121,0,0,0,0,0,0,0,40,0,0,0,56,0,0,0,50,0,0,0,0,50,0,34,55,0,46,0,0,0,0,53,60,0,0,0,0,0,50,49,0,271,149,98,216,97,0,178,0,52,0,0,0,171,0,0,88,239,0,179,0,0,98,203,40,65,124,73,125,105,0,421,119,39,0,67,42,62,66,123,98,0,0,64,72,62,0,0,0,122,42,82,0,52,94,61,42,0,0,0,92,0,0,0,0,73,98,49,0,0,0,0,0,0,0,0,0,46,0,0,57,46,0,45,76,0,0,0,0,0,95,62,0,0,0,0,0,68,0,39,0,41,0,0,0,0,0,0,0,0,44,43,75,0,73,0,142,138,56,0,55,95
"23","Lautropia mirabilis",44,39,0,90,0,25,0,71,65,48,254,257,0,48,110,0,1304,0,30,0,22,0,33,213,57,0,411,42,35,0,86,35,51,27,0,241,34,105,59,642,83,69,0,276,36,46,39,30,309,40,50,46,189,33,28,0,71,82,22,54,175,34,0,43,42,28,22,28,24,28,27,2405,960,201,0,45,23,22,0,27,375,851,140,93,56,27,79,0,24,109,73,302,127,93,0,32,105,147,41,34,0,73,47,131,0,34,29,36,65,166,30,40,266,60,36,43,31,67,73,0,81,0,44,109,43,95,185,34,44,72,131,53,48,79,33,37,45,56,86,0,0,28,0,126,42,48,139,2558,181,223,57,432,78,32,190,308,84,43,36,37,48,112,56,35,39,0,0,39,0,46,35,22,76,49,111,65,27,59,0,0,24,28,61,24,0,36,50,53,99,23,41,46,24,40,47,94,135,259,769,160,278,100,225,585,329,138,249,56,459,5660,240,5364,2348,260,142,79,1212,141,281,1977,178,709,159,4152,115,179,212,436,81,297,540,153,110,3206,167,930,358,60,248,406,250,151,288,63,99,457,141,25,225,115,113,0,0,31,0,135,0,123,406,134,48,0,79,51,31,0,0,268,0,0,26,33,165,28,270,310,0,28,88,76,29,0,0,23,0,37,31,0,47,36,0,130,41,74,52,74,0,0,0,0,41,0,29,24,122,0,87,0,0,70,69,82,129,68,123,65,47,190,152,26,81,52,154,572,34,242,73,51,35,353,141,57,34,26,23,33,0,472,34,0,762,24,36,0,0,37,0,68,29,72,0,74,32,79,353,33,41,78,0,0,69,0,67,0,0,0,62,0,40,46,98,0,0,279,76,0,0,0,133,360,0,0,36,63,0,38,3513,0,0,0,86,64,159,449,300,163,191,156,70,47,118,22,37,72,47,35,0,0,59
"24","Lawsonella clevelandensis",0,0,0,33,0,0,0,224,39,73,51,48,0,30,316,0,0,0,0,0,0,41,0,0,0,0,0,0,0,34,67,36,0,0,0,65,0,44,25,333,182,243,0,42,0,133,182,28,25,25,0,0,59,28,36,0,0,0,0,0,0,0,0,0,0,0,0,0,0,0,0,59,45,89,579,205,383,0,0,22,494,354,152,77,0,91,447,340,1864,475,0,0,0,0,0,0,816,21,0,0,0,23,0,0,0,0,0,0,21,32,0,0,51,0,0,21,0,0,0,0,33,0,0,54,124,28,0,0,0,37,0,22,38,82,0,0,0,0,0,0,0,0,0,0,0,0,223,0,0,33,32,69,0,51,49,78,50,0,0,0,0,38,50,0,0,0,0,0,0,0,0,0,0,0,30,58,41,0,0,0,66,0,0,0,0,0,0,0,0,0,0,151,0,0,0,46,0,440,647,28,42,128,1361,881,836,139,366,0,465,280,589,143,618,339,91,243,232,204,65,340,104,130,129,435,104,228,91,79,0,609,269,74,0,387,52,879,699,234,1247,651,419,48,30,0,86,408,231,0,0,38,64,0,0,0,0,43,0,56,0,81,84,0,36,0,0,0,0,0,0,0,0,0,0,0,91,101,0,0,0,0,0,0,0,0,0,30,20,0,0,0,0,79,45,0,47,22,0,0,0,0,0,0,0,0,0,0,0,0,0,0,0,0,0,25,237,0,0,0,0,0,29,0,0,64,0,102,0,0,0,22,0,0,0,0,0,103,0,0,0,0,0,0,43,0,0,71,0,0,0,62,0,38,0,0,112,185,244,304,103,0,482,92,331,0,0,31,225,0,431,192,76,0,0,100,471,0,0,34,118,270,0,0,0,62,27,99,60,0,0,0,84,93,109,175,372,298,168,118,56,45,28,0,41,29,166,30,70,0,59
"25","Leifsonia xyli",280,78,0,100,0,0,0,149,82,0,139,59,68,108,101,151,100,173,0,79,110,0,0,56,104,114,57,133,97,102,61,157,376,66,67,36,0,70,55,83,67,52,0,220,210,58,0,183,42,64,44,50,52,37,61,0,133,120,104,262,91,221,42,383,109,125,117,125,0,82,296,40,38,63,98,62,47,40,45,41,238,214,86,63,351,0,76,0,72,159,111,274,323,95,44,97,244,87,124,78,61,82,67,90,61,65,72,0,57,70,118,114,43,73,62,0,0,0,208,48,137,70,73,62,94,76,0,53,48,47,65,61,67,84,93,67,75,59,116,0,57,150,81,91,145,0,55,0,93,0,36,77,201,0,88,38,46,0,37,0,0,0,82,66,0,0,90,146,0,43,109,0,58,0,72,45,0,269,52,0,0,131,986,92,0,43,67,95,556,74,160,0,215,117,206,0,53,105,76,149,366,197,275,115,145,94,284,50,190,270,151,182,188,450,143,506,195,234,360,218,439,189,209,178,184,176,159,217,153,129,175,253,115,206,178,145,292,348,87,121,199,166,143,49,191,142,80,188,54,0,0,0,65,77,0,66,0,74,0,94,0,104,59,123,61,55,63,54,54,0,114,133,0,92,0,0,0,0,138,160,94,0,0,0,0,52,68,0,393,188,207,224,234,0,242,46,0,52,0,0,113,0,51,71,211,0,184,0,0,120,221,107,87,298,108,191,166,39,272,135,63,56,107,71,67,127,167,99,82,89,83,156,80,59,49,75,294,118,156,0,111,81,73,220,0,0,0,96,0,0,0,0,162,96,43,0,0,0,41,0,0,0,0,0,76,0,45,84,0,0,48,0,0,0,0,0,0,65,55,0,0,91,0,0,0,0,0,0,0,0,0,0,0,0,45,35,49,94,61,59,0,63,42,214,154,56,180,540,126
"26","Lysobacter capsici",135,52,0,36,0,0,0,45,0,0,41,47,0,48,48,0,0,30,0,0,60,0,27,0,32,67,0,60,30,44,0,85,84,38,0,0,45,0,48,37,0,0,0,70,82,0,0,54,51,47,63,44,141,0,0,0,84,55,30,200,42,63,0,130,108,129,69,118,0,28,93,0,31,152,133,89,44,38,0,37,76,163,50,49,279,0,240,0,69,359,35,30,33,403,131,132,68,34,531,130,81,81,114,34,410,802,648,88,521,74,512,537,54,184,127,290,251,0,631,134,505,54,168,64,67,36,43,94,67,76,61,81,88,93,309,959,1079,64,267,62,153,471,165,126,251,0,120,0,0,0,38,73,170,0,80,39,32,0,32,0,33,0,61,52,0,0,57,82,38,0,38,0,45,0,0,0,0,59,0,0,0,50,92,39,0,0,0,82,345,34,123,0,85,355,105,0,0,43,51,64,156,53,51,80,59,36,255,0,92,134,32,106,66,80,94,185,0,108,386,69,140,74,135,72,105,70,58,83,1140,30,61,99,47,308,76,40,63,132,33,31,71,257,34,0,75,67,0,80,34,0,0,0,29,31,0,0,0,40,0,80,0,68,36,218,31,0,0,37,0,0,75,88,0,40,49,94,0,0,56,53,32,0,0,0,0,103,77,0,133,60,48,66,56,0,101,0,0,36,0,0,109,0,0,89,281,0,228,0,0,84,171,41,53,170,71,137,246,82,600,259,64,0,142,0,32,54,201,225,45,85,32,86,80,0,54,0,130,44,102,0,31,43,35,51,0,27,0,396,0,0,0,0,53,450,0,32,0,0,0,0,29,0,37,0,0,0,0,0,0,0,67,39,0,0,0,0,0,0,60,0,0,0,0,0,0,0,0,0,32,0,0,0,0,32,0,0,0,51,0,39,0,170,0,75,54,48,67,585,67
"27","Methylibium petroleiphilum",147,344,0,61,0,104,38,73,0,54,87,0,60,0,40,44,64,37,0,126,44,68,311,0,247,66,0,81,47,0,0,58,93,74,50,0,286,0,0,0,0,0,96,57,84,0,0,55,0,53,56,50,174,71,37,0,353,250,133,152,81,96,92,146,115,0,125,73,128,170,73,0,0,40,59,55,100,0,66,137,64,67,50,100,157,0,0,0,0,37,0,0,0,0,0,0,135,37,349,77,54,60,110,41,93,146,124,77,111,92,110,141,59,114,72,81,73,0,297,71,87,71,58,83,40,42,0,43,48,53,131,204,86,99,92,313,419,150,62,0,54,113,0,75,184,0,88,58,81,0,74,70,79,57,124,56,69,0,0,74,96,0,101,71,81,69,91,115,160,76,81,48,58,0,0,70,56,80,65,61,45,54,72,66,0,0,62,112,284,40,142,69,119,120,132,0,0,103,45,58,132,82,126,80,60,88,140,0,74,79,0,302,112,197,84,133,50,319,245,127,113,85,108,107,215,167,53,61,179,48,97,136,57,126,70,110,153,136,118,67,135,124,483,0,39,91,0,93,0,0,0,0,60,0,0,0,0,0,0,0,0,92,0,0,0,60,0,0,0,0,59,53,0,0,0,0,42,53,101,61,47,0,0,0,0,0,0,0,137,69,71,74,54,0,60,0,0,0,0,0,47,0,0,43,126,0,64,0,0,67,131,42,42,103,63,136,75,0,310,141,0,0,0,0,69,51,105,67,0,0,0,0,0,64,0,0,0,76,51,0,71,49,88,0,0,0,0,125,67,0,0,0,53,134,174,0,0,0,0,0,0,59,0,59,0,0,0,0,0,36,0,102,0,45,0,0,0,0,42,0,0,0,0,0,66,0,95,0,0,64,0,0,0,0,0,0,0,44,0,0,0,0,81,60,54,57,0,84,64
"28","Microbacterium chocolatum",221,63,0,94,0,0,0,128,39,26,139,95,0,39,61,112,67,69,0,35,151,0,0,0,47,77,31,78,75,138,71,115,213,185,0,0,0,73,67,87,94,75,0,125,176,90,0,141,77,110,85,89,107,42,0,0,64,35,51,175,69,184,0,100,57,69,426,147,0,0,113,40,31,124,113,38,24,36,0,23,199,199,58,53,135,23,53,28,24,60,39,111,172,80,23,61,179,139,145,82,60,56,103,68,109,166,175,29,107,95,137,155,100,105,73,35,0,52,997,229,11459,46,48,112,163,82,62,47,102,100,51,46,88,130,491,173,228,89,124,65,218,533,297,171,365,0,165,37,37,29,56,99,286,0,247,123,49,0,80,52,48,0,166,32,0,0,97,92,0,63,110,0,77,0,76,50,0,128,0,50,0,56,221,89,0,57,0,126,235,40,77,55,122,75,196,33,38,117,103,224,729,438,413,259,216,161,544,108,448,1434,69,334,193,458,149,594,429,254,450,176,717,325,411,228,222,212,160,424,903,162,180,345,120,270,246,78,330,682,119,142,187,137,49,61,215,314,107,77,0,25,0,0,71,64,0,37,0,33,38,59,0,66,35,69,37,51,0,37,0,0,42,112,0,32,0,36,0,0,88,77,38,0,29,0,0,55,98,0,306,82,74,170,111,51,164,45,0,50,0,37,141,0,46,161,304,0,456,0,0,152,220,157,110,395,113,491,417,110,327,299,83,33,232,93,145,123,191,130,74,125,168,783,180,48,37,71,311,113,307,0,86,102,93,284,0,49,0,1010,0,0,0,0,132,1085,51,0,0,0,0,0,0,0,28,0,45,0,0,50,0,41,180,0,0,93,0,0,0,52,192,0,0,0,0,0,0,0,0,0,0,0,0,0,0,0,59,48,39,88,40,52,0,82,26,152,109,65,744,2165,114
"29","Microbacterium lemovicicum",183,30,0,80,0,0,0,124,51,0,182,101,0,49,48,75,46,82,0,0,150,0,0,0,54,143,34,63,66,135,55,137,1266,66,0,0,0,64,67,84,115,54,57,395,729,78,0,173,30,72,28,0,47,44,0,0,97,63,58,212,52,106,0,146,76,80,80,100,0,0,100,0,0,45,52,25,0,0,30,0,171,155,66,39,226,0,66,0,34,62,53,128,209,58,0,22,131,62,114,53,59,51,45,43,70,114,146,0,89,63,135,95,51,86,74,0,0,0,531,106,271,31,46,50,153,89,39,30,121,95,37,40,86,101,196,117,144,51,98,40,144,278,104,144,359,0,48,0,53,37,25,61,229,0,117,72,0,0,46,0,0,0,130,52,0,0,111,183,67,94,77,35,70,0,94,43,0,346,0,43,0,107,364,122,0,48,42,176,1107,102,118,0,329,140,197,0,0,188,89,255,449,422,505,97,164,137,431,92,262,312,88,215,183,415,251,605,288,368,423,187,594,234,297,255,446,270,212,231,164,128,327,424,148,271,323,272,370,474,104,118,379,180,50,49,263,133,122,88,30,0,0,0,40,59,0,0,0,36,0,51,0,56,25,57,28,38,0,35,0,0,0,98,0,47,0,0,0,0,82,83,42,0,0,0,0,72,82,0,1361,194,628,354,487,40,257,44,0,44,0,0,89,0,33,94,152,0,144,0,0,85,121,76,49,235,54,115,272,47,266,91,65,0,117,30,42,68,143,87,59,68,36,83,49,26,44,69,460,81,109,0,63,58,0,374,0,28,0,115,0,0,0,0,300,105,49,0,0,0,0,52,0,0,0,0,66,0,0,113,0,0,28,0,0,65,0,0,0,54,0,0,0,0,0,40,36,0,0,0,0,0,0,31,0,44,66,67,86,132,67,131,0,121,85,308,420,84,340,1006,189
"30","Mycobacterium paragordonae",148,40,0,328,0,0,0,33,0,0,39,45,0,37,58,36,0,58,0,26,28,0,0,0,47,35,0,47,42,45,0,47,99,0,49,30,0,51,0,35,44,45,0,59,51,0,0,38,35,38,0,46,169,0,0,0,80,63,0,105,46,53,0,114,46,48,56,76,0,64,84,39,45,77,111,60,74,57,0,63,86,77,43,139,100,0,79,54,36,195,65,59,73,51,69,123,98,110,64,34,35,31,50,38,0,49,28,0,39,63,110,135,137,112,34,0,0,0,203,37,62,41,81,37,111,42,24,25,0,0,41,45,51,42,295,40,0,46,28,0,56,69,52,25,116,0,44,52,91,0,137,81,107,68,111,106,78,63,100,105,50,60,44,80,91,101,38,80,100,66,130,83,94,0,99,90,100,79,171,166,71,0,88,34,64,60,76,64,254,91,64,57,77,55,124,45,83,72,72,41,80,145,128,112,97,86,92,0,138,64,104,76,151,158,70,122,135,104,170,95,117,55,48,80,73,88,40,47,42,104,72,66,51,314,61,107,172,117,331,110,79,63,62,0,42,149,77,49,0,0,0,0,0,38,0,43,0,121,0,79,0,32,42,39,23,0,0,27,0,0,41,37,0,41,0,32,0,0,65,47,56,0,0,0,0,32,32,0,142,42,76,91,57,0,61,0,0,0,0,0,25,0,0,70,60,0,60,0,0,30,175,38,0,98,80,110,37,55,109,97,0,0,38,0,0,60,57,60,34,0,0,62,39,71,0,0,62,143,34,0,116,68,58,0,0,93,157,21,58,0,0,0,42,28,44,0,0,0,68,0,22,0,70,0,0,109,0,36,0,41,76,83,0,46,0,0,0,0,54,0,0,0,83,44,0,0,0,0,53,0,31,27,0,0,40,30,0,64,83,54,0,54,117,50,66,0,0,82,57
"31","Nocardiopsis dassonvillei",528,43,0,65,0,0,0,313,220,0,232,27,0,57,31,55,57,218,28,34,57,0,0,269,60,205,134,613,51,162,29,279,605,39,0,0,0,34,138,35,102,0,0,383,441,107,0,178,0,36,0,44,61,29,25,0,268,257,43,581,182,166,0,823,261,478,83,337,0,0,766,0,0,51,128,45,0,0,0,68,262,106,39,65,461,0,221,0,121,226,135,279,310,107,91,46,198,111,81,27,0,132,125,35,0,47,53,0,29,125,622,123,62,30,0,0,0,0,321,0,43,36,42,32,215,228,0,163,28,24,33,55,31,207,76,37,102,555,77,0,0,388,0,39,58,0,0,0,35,0,29,57,98,0,42,99,0,0,34,0,0,0,111,0,0,0,36,91,0,42,34,0,44,0,0,0,0,127,213,0,0,34,508,41,0,0,64,54,1134,36,137,0,107,351,549,0,0,90,49,85,537,69,322,113,212,46,225,30,175,202,87,135,132,703,260,649,109,239,420,204,575,446,339,174,193,143,63,181,49,108,252,191,59,103,277,61,279,276,96,130,89,82,55,0,239,211,78,63,0,0,0,0,297,55,0,29,0,75,0,65,28,65,27,72,185,38,266,28,0,0,174,90,0,78,0,0,29,0,596,239,49,0,0,0,0,33,32,0,307,87,306,277,176,28,256,33,0,219,0,0,656,0,37,219,434,0,325,0,0,290,324,214,71,484,211,166,95,77,395,897,39,35,91,679,242,125,130,175,68,110,161,250,97,137,141,138,69,223,185,0,47,72,46,59,0,0,0,27,0,0,0,0,88,40,0,0,0,44,0,0,0,0,0,0,40,0,0,76,0,0,0,0,0,0,0,0,0,29,0,0,0,0,0,0,0,0,0,0,0,0,0,0,0,0,31,0,34,65,33,46,0,46,40,585,305,45,0,105,322
"32","Novosphingobium pentaromativorans",272,0,0,81,0,0,0,70,0,0,0,0,0,0,0,0,0,107,0,0,245,0,0,0,0,101,0,127,131,0,0,0,163,99,0,0,0,0,0,0,0,0,0,115,222,0,0,0,0,0,0,78,296,0,0,0,359,185,100,380,464,671,0,742,282,492,143,141,0,0,250,0,0,0,132,69,0,0,0,0,106,223,0,92,343,0,0,0,0,148,0,0,0,0,0,0,123,0,488,171,128,474,113,0,0,115,104,0,115,0,398,563,0,363,190,420,267,0,126,0,87,79,236,70,105,0,0,236,106,120,134,179,68,92,84,107,95,232,146,0,147,405,131,96,209,0,125,0,0,0,0,78,85,0,0,0,0,0,0,0,0,0,0,0,0,0,0,169,0,0,78,0,0,0,0,0,0,107,0,0,0,0,290,0,0,0,0,100,522,83,114,0,196,94,134,0,0,0,77,88,241,60,155,0,0,74,145,0,93,133,0,81,107,185,206,232,0,170,297,120,201,131,152,114,175,153,0,97,98,0,77,131,109,134,117,90,197,164,83,0,0,93,0,0,116,140,0,99,0,0,0,0,0,0,0,0,0,94,0,87,0,93,0,0,0,0,0,0,0,0,0,97,0,101,0,0,0,0,120,87,0,0,0,0,0,53,70,0,247,127,0,126,99,0,118,0,0,0,0,0,208,0,0,93,229,0,157,0,0,102,225,0,0,122,0,105,689,129,214,168,96,0,376,0,0,0,145,406,0,0,0,0,111,0,0,0,126,0,0,0,0,99,0,92,0,0,0,126,0,0,0,0,188,129,0,0,0,0,0,0,0,0,0,0,0,0,0,0,0,0,0,0,0,0,0,0,0,0,0,0,0,0,0,0,0,0,0,0,0,0,0,0,0,0,0,0,0,0,0,0,0,73,0,0,0,65,0,131,0
"33","Pantoea agglomerans",0,0,0,0,0,44,0,192,155,52,117,255,57,0,48,0,56,112,0,0,0,0,0,0,0,0,0,35,0,191,335,290,183,1063,0,0,0,436,72,308,266,204,0,965,0,167,0,309,49,0,0,0,0,0,0,0,0,0,0,34,46,0,0,0,0,0,0,0,0,0,40,0,0,0,0,0,0,0,0,0,798,0,37,0,0,36,0,0,0,0,0,0,0,0,0,0,0,0,0,0,0,0,0,0,0,0,0,0,0,0,0,0,0,0,0,0,0,0,0,0,0,0,0,28,0,0,0,0,0,0,0,0,0,65,0,0,0,0,0,0,0,0,0,0,0,0,26,32,0,57,72,0,54,0,0,34,217,0,0,0,0,0,32,47,0,0,0,0,0,0,0,0,41,0,0,31,0,0,0,0,0,0,0,52,0,0,0,0,49,0,140,0,41,130,0,0,62,176,182,195,340,82,335,383,152,114,549,55,277,220,116,147,613,495,515,741,122,239,163,159,448,208,529,124,105,175,506,252,48,151,1132,979,216,285,346,158,423,353,302,1339,244,95,48,111,275,181,85,0,0,53,0,0,0,0,0,54,0,0,0,86,0,0,41,192,0,0,0,0,0,0,0,0,57,0,30,54,0,0,0,0,0,0,0,0,0,0,0,0,48,0,66,77,185,141,318,157,0,37,0,0,190,0,0,112,0,0,62,0,0,43,88,0,0,40,0,53,0,0,734,0,0,0,46,0,0,52,0,0,36,28,338,81,1342,0,73,31,2235,0,43,0,0,44,0,44,0,0,0,0,0,0,61,0,0,0,26,30,0,0,0,1046,0,0,0,0,516,68,0,83,0,0,29,1189,0,0,0,0,0,372,0,0,0,0,0,0,125,0,0,0,0,0,37,73,0,106,143,1058,86,300,53,78,163,5826,49,194,103,55,0,0,199
"34","Paracoccus aminophilus",134,55,0,81,0,0,0,50,0,0,61,0,0,0,239,133,0,79,0,86,596,0,0,0,40,0,299,71,0,58,0,87,116,111,0,57,0,0,97,51,53,0,0,74,89,0,0,87,111,107,138,79,202,0,34,0,82,47,41,260,233,578,0,147,109,519,123,178,0,0,231,89,60,848,321,228,83,64,0,46,370,302,83,50,111,87,682,78,211,1355,93,171,151,176,0,104,197,96,137,111,71,56,122,53,158,280,228,0,267,93,105,100,74,91,139,58,42,0,106,0,41,0,0,57,116,126,0,4720,118,123,176,242,60,78,89,52,70,50,97,0,52,94,0,47,75,0,246,0,0,0,62,65,239,0,53,70,65,0,40,0,678,0,62,0,0,0,0,85,0,45,0,0,0,0,76,0,0,51,0,0,0,48,46,0,0,0,0,368,116,0,62,0,74,59,172,0,0,45,69,77,122,178,136,60,238,74,162,0,79,146,0,529,81,119,67,179,59,143,226,53,295,107,459,79,87,74,61,113,5129,0,90,100,47,107,83,75,244,194,64,62,52,2294,0,0,96,119,0,53,59,0,65,0,107,0,0,0,0,35,0,129,58,278,84,810,0,59,0,97,0,0,0,159,0,55,100,132,0,0,85,86,40,0,0,0,0,2592,2538,0,129,0,0,54,69,0,161,0,0,0,76,105,497,0,0,113,502,0,331,0,0,119,132,70,132,303,206,305,1404,299,630,167,235,0,700,115,0,77,361,957,0,66,84,270,177,0,93,72,72,90,158,0,61,129,0,47,0,110,0,757,0,0,0,0,91,741,110,0,89,0,110,0,0,0,47,0,0,0,96,0,0,0,71,0,0,46,76,0,0,89,86,0,0,0,0,93,0,0,0,0,262,0,114,65,98,41,0,0,0,54,29,51,0,225,0,111,72,59,0,314,66
"35","Pseudomonas oleovorans",249,0,0,0,0,0,0,857,0,96,86,0,0,0,334,0,0,0,0,0,0,0,0,0,0,0,0,0,0,98,0,0,0,404,0,0,0,0,593,49,0,68,0,0,0,446,0,301,50,0,46,0,556,0,0,0,0,0,0,0,0,0,0,119,0,69,0,68,0,0,0,116,65,221,0,0,0,0,0,0,0,0,0,0,0,0,0,0,84,0,0,0,0,0,0,401,0,0,38,0,0,0,0,0,310,503,367,0,37,32,0,0,0,63,0,93,50,0,0,0,0,0,0,33,0,0,0,0,472,847,40,56,0,49,45,33,0,0,0,0,0,0,0,0,0,132,64,0,0,0,164,0,0,0,70,0,0,0,0,0,68,0,0,0,0,0,0,0,0,0,93,0,0,0,0,0,0,0,0,0,0,0,0,0,0,0,0,0,0,0,0,0,0,0,0,0,0,74,161,0,135,0,160,113,202,85,319,0,87,260,36,90,362,83,30,248,0,186,70,47,200,70,432,147,33,58,316,114,4064,0,565,89,0,148,95,172,267,156,71,44,55,0,0,0,52,277,500,0,0,0,46,0,100,0,0,0,0,0,0,77,0,242,45,0,0,0,0,0,0,0,0,154,0,0,0,78,0,73,0,0,0,0,71,0,0,0,0,0,80,515,0,113,0,0,0,0,0,0,0,0,0,0,0,0,37,0,108,0,0,85,78,64,297,81,253,125,104,137,9858,182,69,118,337,1105,0,207,95,451,0,173,335,407,199,0,0,0,33,52,136,0,0,64,157,36,0,0,0,130,0,0,0,0,0,165,0,0,0,0,0,0,0,0,0,0,0,0,92,0,0,0,0,0,0,0,0,0,0,0,0,0,0,0,0,0,0,0,0,0,0,0,0,0,0,75,85,0,1379,768,170,485,295,10783,118,93,82,126,0,0,77
"36","Pseudomonas tolaasii",0,0,0,0,0,0,0,133,0,0,26,0,192,33,0,0,0,17977,0,0,0,0,0,0,241107,0,0,0,0,38,0,33,2973,20409,25,384,0,24,0,112,32,36,183,43,24,0,0,60,24,24,26295,113,54,78,105,56,29,32404,183,41,55,74,64,60,61,26,34,76,190,219,29,234,536,0,53,26,155,0,72,36,49,85,45,119,62,0,55,178,56,65,39,0,0,0,0,78,79,0,0,0,0,0,0,0,0,0,21,0,103,0,0,0,0,0,0,34804,0,0,23,0,0,0,0,0,28,0,0,0,0,0,0,0,0,0,0,23,0,0,95,35160,0,0,0,0,23,0,0,112,193,73,321,220,50,813,38,64,53,53764,153,180,118,201,135,59,204,1659,65,114,215,391,47,847,167,165,253,67,337,141,774,260,2759,670,56,22522,144277,98,117,74,81,472,231,152,36,49,222,278,131,0,23,0,34,0,64,32,0,35,42,0,35,40,0,27,66,23,0,33,0,32,0,0,25,0,0,0,0,27,0,26,61,0,22,46,0,38,0,115,80,25,37,38,0,0,20,41,0,25,25,103,29,0,13593,0,24,0,0,36,3283,28,0,0,33,24,0,122,24,22203,0,29,32,194,41,44,69,46,0,24,124,95,42,0,30,30,22,78,0,23,27,30,26,777,0,26,1463,0,25,0,52,37,86,117,28637,128,0,42,45,49,0,122,104,51,178,128,119,33,0,70,34,0,129,21,46,0,33,1011,52,0,54,42,0,0,0,0,465,0,0,0,34,31,0,0,0,0,45,0,0,0,5595,30,42,0,10265,52,28,24,0,95,0,0,0,2883,28,5911,0,35,0,191,163,0,0,0,0,30,0,0,32,0,113,0,31,0,119,0,0,0,294,27,0,0,5821,0,62,0,35,2489,0,29,22,26,28,0,24,71,21069,39,110,29,35,36,41
"37","Pseudonocardia dioxanivorans",398,48,0,109,0,0,0,154,85,0,100,58,0,97,42,185,125,243,90,49,97,0,42,186,97,194,62,264,246,107,35,132,459,69,82,33,39,51,45,69,52,31,56,317,315,56,0,147,55,154,40,62,68,26,44,0,319,238,63,623,130,229,36,609,366,193,185,441,0,0,541,0,28,43,100,43,29,35,29,24,144,104,53,78,1014,0,99,0,50,174,109,202,266,73,46,96,150,92,163,109,96,229,94,76,55,48,75,0,50,114,154,139,78,57,41,31,47,0,190,44,67,88,96,31,99,90,0,36,57,32,54,100,90,69,188,71,68,82,97,0,0,71,0,59,105,0,25,0,52,0,27,72,155,0,44,51,25,0,61,0,0,0,215,56,56,0,130,421,0,83,86,0,112,0,57,41,0,328,0,57,0,90,399,87,0,0,87,101,891,130,168,0,288,178,269,0,0,64,72,129,198,98,196,55,107,147,191,40,122,176,136,116,107,281,158,331,97,234,259,108,339,170,139,140,123,176,105,110,44,85,113,171,129,241,110,43,173,244,74,78,142,133,38,41,115,106,50,141,62,0,26,0,98,155,87,28,137,73,58,77,41,146,55,81,134,103,86,73,61,0,168,195,64,153,42,38,79,34,371,241,209,53,0,0,0,46,36,0,591,146,346,261,290,0,268,31,0,92,0,70,303,54,76,124,283,0,270,0,0,161,406,155,89,495,144,254,100,45,311,267,43,52,82,51,101,156,323,105,82,99,66,116,146,33,64,53,121,130,140,0,74,139,80,81,0,0,66,60,0,0,0,0,239,50,41,0,0,0,0,68,0,0,0,0,98,0,0,127,0,0,0,61,0,0,0,0,0,49,0,47,0,0,0,65,31,0,31,0,0,0,0,0,0,39,66,45,43,97,50,81,0,60,108,175,169,73,85,190,158
"38","Pseudoxanthomonas spadix",101,27,0,31,0,0,0,40,0,0,31,0,0,70,42,0,38,44,0,0,29,0,0,0,0,50,0,47,28,31,0,32,59,82,0,49,26,0,50,29,0,0,0,78,75,43,0,47,28,40,68,38,128,0,0,0,71,34,33,118,44,51,27,97,93,60,82,82,0,0,52,44,38,111,278,134,125,0,0,45,1066,234,629,38,159,597,219,93,53,316,38,55,42,333,105,125,196,53,368,109,111,102,86,28,578,1031,772,121,352,53,430,413,25,219,108,604,440,0,970,295,716,90,116,43,180,38,94,142,108,103,86,75,58,67,296,839,883,55,174,80,131,360,133,146,250,0,107,0,0,0,0,28,129,0,70,24,0,0,44,0,35,0,0,0,0,0,59,53,0,0,35,0,0,0,0,0,0,45,0,0,0,0,67,53,0,0,0,66,235,35,93,0,63,143,203,0,0,29,142,54,134,332,58,67,73,30,108,26,90,121,41,428,125,131,50,123,28,73,254,45,165,65,177,79,87,101,55,70,2094,37,99,124,38,156,71,47,102,104,44,56,68,146,40,0,63,78,45,53,0,42,0,0,31,31,0,63,0,33,0,65,0,60,42,841,0,0,0,0,0,0,40,121,0,40,0,24,0,0,88,55,0,0,0,0,0,173,181,0,117,0,25,41,51,0,54,0,0,0,0,0,74,0,0,72,150,0,133,0,0,73,346,52,30,120,55,109,231,40,1919,183,70,0,175,37,0,37,168,188,33,59,33,65,74,37,41,0,169,42,66,0,35,49,26,44,0,32,0,396,0,0,0,0,40,438,21,0,0,0,0,0,0,0,0,0,0,0,0,0,0,0,0,0,0,0,31,0,0,47,46,0,0,0,0,0,0,0,0,0,36,0,0,0,0,0,0,23,0,52,0,32,328,918,29,60,43,33,61,356,33
"39","Rhizobium etli",230,162,0,136,0,0,0,0,0,0,0,0,0,0,135,0,95,176,0,86,136,0,92,0,128,91,0,87,179,39,0,0,153,78,0,0,90,0,0,0,0,0,76,179,183,0,0,52,0,0,113,132,65,70,0,0,148,127,0,261,127,161,0,287,254,182,84,278,87,99,76,0,0,272,130,124,0,0,0,0,183,141,160,60,327,0,150,0,148,306,0,0,112,0,0,0,155,122,138,133,0,158,100,0,93,191,173,0,207,88,100,199,108,153,0,80,93,0,112,0,120,0,92,131,127,142,0,394,154,162,135,126,110,115,51,73,156,137,124,0,0,0,0,0,95,0,162,0,0,0,0,0,137,0,0,0,0,0,0,0,142,0,0,0,0,0,0,152,0,0,88,0,0,0,0,0,0,61,0,0,0,0,226,0,0,0,0,150,359,168,150,0,210,175,224,0,0,44,0,0,137,62,166,42,39,116,165,0,153,90,0,188,61,132,116,144,116,227,242,114,138,139,125,109,132,123,122,161,563,0,96,113,118,128,144,166,149,162,87,78,187,225,155,0,142,186,79,0,0,0,0,0,111,110,0,0,0,133,0,0,0,120,0,99,0,0,0,0,0,0,0,94,0,111,0,0,0,0,183,137,102,0,0,0,0,169,181,0,256,0,135,183,132,0,110,0,0,0,0,0,143,0,0,0,159,0,167,0,0,88,163,0,0,203,0,81,144,0,181,177,0,0,93,0,0,0,115,127,0,122,0,135,46,0,0,0,274,89,145,0,0,113,92,143,0,0,0,203,0,0,0,0,139,196,0,0,0,0,0,0,0,0,0,0,0,0,0,0,0,0,0,0,0,71,0,0,0,0,0,0,0,0,0,71,0,0,0,0,94,0,117,0,0,0,0,0,0,0,0,0,0,192,0,185,56,138,0,204,184
"40","Rhodococcus rhodochrous",142,0,0,0,0,0,0,39,0,0,0,0,0,0,63,89,0,89,0,0,0,0,0,0,0,510,0,59,0,47,0,29,99,70,0,0,0,0,0,35,0,0,0,70,128,0,0,58,0,0,0,0,50,0,0,0,151,125,0,125,69,80,0,212,38,90,83,112,0,0,241,0,0,0,172,70,0,85,0,0,81,83,0,0,82,0,95,64,102,217,179,101,119,69,113,153,103,0,53,0,91,89,105,82,0,0,0,0,0,0,109,117,0,0,0,0,0,0,137,0,0,0,0,0,66,88,0,0,0,0,0,72,0,76,169,56,48,65,109,0,0,0,0,32,68,0,0,0,0,0,0,0,77,0,34,0,0,0,0,0,0,0,51,32,0,0,0,87,0,0,0,0,0,0,0,0,0,70,0,0,0,0,97,0,0,0,0,0,150,0,42,0,81,75,98,0,0,48,43,37,93,158,125,67,92,120,98,0,97,93,0,92,74,98,42,148,79,84,136,68,118,77,68,65,48,74,52,87,40,105,96,120,58,81,71,57,117,101,33,66,80,65,28,0,69,49,40,0,0,0,0,0,0,0,0,0,0,0,0,0,0,0,0,86,0,0,53,0,0,0,109,107,0,0,0,0,0,0,99,103,0,0,0,0,0,0,0,0,164,61,70,86,78,0,88,0,0,125,0,0,196,0,154,145,129,0,193,0,0,183,141,244,114,228,83,180,64,0,199,158,0,0,122,105,250,158,115,89,61,135,85,94,76,0,167,130,107,148,125,0,142,169,60,138,0,0,87,0,0,0,0,0,64,0,0,0,0,146,0,0,0,0,0,0,0,0,0,86,0,0,0,0,0,0,0,0,0,0,0,0,0,0,0,0,0,0,0,0,0,0,0,0,0,0,0,0,0,37,0,0,0,0,0,44,58,0,55,92,51
"41","Rhodococcus ruber",142,60,0,91,0,0,0,90,29,0,55,34,0,68,37,135,95,91,62,0,64,0,0,0,64,197,0,72,63,98,0,67,193,0,62,0,51,32,0,36,48,31,0,154,156,32,0,71,45,56,57,52,97,0,0,0,149,121,29,255,78,162,0,238,115,116,149,131,0,0,189,0,0,61,331,87,60,119,82,81,106,105,33,61,224,46,169,49,100,383,172,246,278,264,201,335,162,0,119,83,65,77,56,71,0,45,67,0,0,63,119,85,69,72,0,0,0,0,113,44,68,41,38,0,132,69,0,51,0,0,57,75,68,53,162,340,445,53,108,0,0,55,0,49,111,0,41,0,56,0,59,44,109,0,31,35,0,0,56,0,0,0,46,58,0,0,30,113,0,39,45,0,59,0,0,36,0,99,0,0,0,75,214,53,0,0,77,45,323,51,82,0,109,67,120,0,0,60,63,96,180,205,225,62,143,137,156,29,170,131,49,99,125,179,77,276,169,124,196,105,222,113,107,109,79,93,69,113,56,103,123,105,40,150,89,323,156,265,42,90,141,77,45,0,80,87,53,69,0,0,0,0,79,57,0,0,0,56,0,79,0,91,61,83,64,73,91,0,0,0,98,131,0,95,0,59,0,0,154,123,69,0,0,0,0,44,42,0,221,91,108,129,124,0,137,29,0,101,0,80,195,0,54,133,188,0,312,0,0,151,372,132,98,291,125,263,93,86,562,161,75,82,103,73,62,134,552,116,182,146,85,196,231,56,69,149,64,217,420,0,87,161,42,149,0,67,46,72,0,0,0,0,76,82,48,0,0,0,0,0,0,0,61,0,49,0,0,71,0,0,63,0,0,0,0,0,0,0,0,0,0,0,0,0,0,0,0,0,0,0,0,0,0,0,39,0,36,69,0,0,0,39,0,93,98,36,45,110,86
"42","Serratia marcescens",158,0,0,370,0,0,0,0,0,0,0,52,0,79,0,86,105,205,0,0,115,0,0,0,0,0,0,0,143,74,0,0,208,465,0,0,0,387,0,0,0,0,0,170,99,0,0,94,237,138,0,164,129,335,0,0,172,0,78,327,131,210,0,296,228,134,196,293,0,0,145,85,0,88,103,98,309,0,0,0,141,102,62,1086,266,0,133,0,244,159,0,0,304,0,0,0,102,0,130,98,138,131,88,0,0,126,127,0,0,81,115,102,84,254,113,105,83,0,145,0,0,0,0,97,0,76,0,455,119,123,124,228,123,101,154,546,232,200,115,0,108,162,0,0,0,0,86,0,0,0,0,91,127,0,75,0,0,0,0,0,73,0,74,0,0,0,0,116,0,103,0,0,0,0,0,0,0,130,0,0,0,0,188,0,0,0,0,499,269,0,186,0,172,157,146,0,0,201,138,149,219,122,294,429,936,357,368,0,194,929,167,280,1079,462,181,313,176,436,270,292,328,161,205,421,321,432,228,140,354,170,862,239,103,308,192,119,379,254,236,3111,189,194,190,34,100,395,60,0,0,0,0,0,0,111,0,0,0,0,0,98,0,0,0,370,0,0,119,0,0,0,0,70,0,0,0,0,0,0,143,0,56,0,124,0,0,125,117,0,155,0,99,108,105,34,125,36,0,2383,0,0,276,0,0,99,126,0,98,100,0,0,213,0,0,161,0,190,136,0,718,134,0,0,102,0,0,73,136,198,0,89,0,0,279,111,340,0,288,79,83,0,0,0,0,76,0,0,0,90,0,0,0,0,124,114,0,135,0,0,0,0,185,0,0,0,0,0,0,0,218,0,126,997,0,0,455,0,0,0,80,49,0,0,0,0,0,292,0,0,0,709,0,0,0,0,0,0,0,0,0,0,99,0,0,130,71,0,0,157,92
"43","Sphingobium baderi",299,0,0,48,0,0,0,82,0,0,0,0,0,69,39,46,78,119,0,50,739,0,0,0,72,84,0,191,80,65,0,0,278,84,87,0,81,0,0,0,0,0,0,151,247,0,0,84,0,0,65,54,232,63,48,0,375,193,66,397,131,214,0,1217,463,182,55,151,0,37,227,0,0,51,237,98,45,0,0,0,161,243,110,43,432,0,155,62,75,271,0,0,53,0,0,0,237,45,262,127,102,124,112,0,77,146,108,0,180,136,246,351,0,270,105,1930,1271,0,137,56,66,54,98,68,175,88,0,225,237,227,312,445,202,163,83,99,93,176,71,0,131,238,73,133,278,0,470,0,85,0,0,42,151,0,0,0,0,0,0,0,45,0,58,141,0,0,56,328,0,58,37,0,0,0,0,0,0,101,0,0,0,0,505,56,0,0,51,82,667,77,109,0,278,101,122,0,0,110,90,85,204,132,172,83,44,75,193,0,106,140,55,153,118,244,210,266,232,197,218,178,223,171,160,100,161,176,137,114,163,51,83,204,86,127,139,55,298,176,56,59,113,211,71,0,104,137,64,80,0,0,0,0,70,76,0,51,0,223,0,119,0,81,76,40,0,0,0,0,59,0,0,95,0,122,0,0,52,0,151,129,87,0,0,0,0,96,88,0,277,126,84,148,102,0,69,0,0,0,0,0,227,0,0,82,180,0,119,0,0,84,158,0,0,96,62,84,289,44,214,81,59,0,167,0,0,0,77,150,0,0,0,55,0,0,0,0,200,0,0,0,0,61,0,156,0,0,0,126,0,0,0,0,293,136,0,0,0,0,0,0,62,0,0,0,0,0,0,0,0,0,46,88,0,0,0,0,0,49,0,0,0,0,0,51,0,0,0,0,99,0,0,0,0,0,0,0,0,0,0,0,0,441,0,82,66,134,0,76,109
"44","Sphingopyxis alaskensis",194,36,0,43,0,0,0,48,0,0,0,0,0,31,37,44,46,57,34,32,271,0,0,0,48,56,0,141,44,33,0,30,115,86,45,27,37,0,0,0,0,0,0,82,157,0,0,32,51,40,30,89,128,34,0,0,219,127,41,219,124,147,0,831,182,121,70,111,0,0,144,0,0,44,89,41,45,0,0,0,85,211,80,64,254,0,76,0,0,134,0,53,29,58,0,0,121,0,310,88,112,99,40,31,189,312,267,84,381,51,233,317,45,335,221,91,55,39,551,175,103,135,323,135,55,43,67,208,68,73,149,139,91,124,573,798,753,281,50,31,134,361,98,102,172,0,64,0,50,0,0,31,101,0,0,0,0,0,0,0,34,0,33,63,0,0,57,139,0,41,0,0,0,0,0,0,0,58,0,0,0,0,209,64,0,0,0,45,397,55,78,29,148,69,88,0,0,46,27,51,113,24,52,0,36,26,105,0,68,91,30,57,26,129,106,154,26,106,136,59,114,71,59,57,68,81,51,63,122,0,43,91,57,165,67,0,81,120,82,30,55,82,28,0,62,91,0,44,0,0,0,0,35,49,0,0,0,106,0,35,0,53,0,0,31,0,0,0,0,0,0,43,0,55,0,0,38,0,103,56,48,0,0,0,0,42,46,0,179,58,58,67,82,0,37,0,0,0,0,0,101,0,0,38,100,0,56,0,0,47,76,36,37,84,0,61,336,62,97,45,56,0,152,0,0,31,71,152,0,0,0,0,30,0,0,0,95,0,39,0,0,41,0,35,0,30,42,113,0,0,0,0,179,143,0,0,0,0,0,36,0,0,0,0,0,0,0,0,0,0,0,0,0,0,0,0,0,0,0,0,0,0,34,0,0,0,0,0,0,0,0,0,0,0,0,0,0,52,0,0,0,36,0,51,33,0,109,207,64
"45","Sphingopyxis fribergensis",269,72,0,62,0,0,0,77,0,0,54,0,0,48,0,43,69,81,48,0,332,0,0,0,46,78,0,98,50,55,62,52,179,77,60,52,33,0,0,46,0,0,0,120,191,0,0,62,35,72,52,295,164,39,0,0,296,160,65,305,92,161,0,697,280,116,58,111,0,0,173,0,0,49,94,61,43,0,0,0,96,363,99,44,288,0,71,54,39,177,43,46,0,0,0,0,121,70,583,153,403,214,85,104,367,608,488,151,738,77,528,699,61,1371,866,125,89,88,1039,323,225,253,859,239,70,42,191,271,78,130,164,194,206,250,3861,2167,2447,385,120,61,345,699,266,206,274,0,94,0,60,0,47,57,223,0,52,51,0,0,0,0,27,0,59,52,0,0,63,181,0,47,75,0,0,0,0,0,0,71,0,0,0,48,285,40,0,0,53,80,489,61,81,85,162,68,111,0,0,86,0,64,173,37,85,66,65,41,160,44,85,245,78,76,69,162,162,201,29,180,202,146,201,117,153,89,95,130,74,118,327,57,81,129,68,265,115,58,162,161,97,40,93,75,51,0,95,107,63,57,0,0,0,0,38,37,0,0,0,112,0,57,0,38,0,0,32,44,0,39,50,0,36,51,0,68,0,0,34,0,127,60,57,0,0,0,0,63,103,0,244,82,75,81,103,0,65,0,0,0,0,0,116,0,0,53,105,0,79,0,0,48,148,44,0,87,0,71,634,115,127,88,105,0,346,0,39,48,85,179,0,0,52,44,48,0,0,0,115,37,33,0,40,48,48,51,0,44,38,227,0,0,0,0,212,268,50,0,0,0,0,0,0,0,67,0,45,63,0,31,0,0,55,0,0,97,0,0,0,0,67,0,0,0,45,102,0,84,0,0,46,0,0,51,0,0,0,0,0,61,69,49,0,138,0,78,58,55,369,461,74
"46","Staphylococcus aureus",0,93,0,0,303,110,62,0,146,263,0,158,78,77,40,0,0,0,0,0,0,0,110,0,0,0,0,0,0,0,183,320,0,0,0,107,45,251,0,851,207,258,226,0,0,111,0,84,117,73,0,820,118,58,0,0,0,43,63,0,101,264,292,71,0,0,199,0,0,71,74,0,0,0,0,162,82,161,228,131,0,111,134,407,0,142,74,164,163,84,364,38,0,0,0,0,89,156,0,0,87,118,82,0,0,0,0,0,0,112,0,0,165,0,0,0,0,0,0,0,0,0,0,39,153,100,0,0,0,0,0,0,243,0,0,0,0,0,0,0,0,0,0,0,0,0,107,0,0,114,35,102,150,2144,108,64,34,0,0,0,42,178,136,0,0,4116,0,0,0,0,0,0,0,0,131,0,0,0,0,0,0,0,0,0,0,42,877,138,0,0,0,0,0,0,0,0,0,331,196,102,92,2554,536,467,271,81,277,59,285,275,407,487,1469,163,0,0,1281,361,205,787,108,343,79,63,231,744,121,175,0,226,339,307,461,234,222,596,479,400,931,335,304,60,321,188,124,308,151,0,0,94,193,0,0,903,0,419,0,0,0,115,193,0,469,76,0,105,5992,0,0,0,0,120,1243,65,165,311,101,119,0,0,0,0,23,0,0,147,221,0,0,0,0,0,68,202,0,301,0,0,0,0,63,0,35,0,160,96,146,0,0,0,186,0,103,126,32659,0,0,0,55,0,35,0,200,368,162,183,71,187,251,439,287,122,120,1641,438,7842,0,85,124,0,0,115,63,373,0,456,0,86,0,86,0,0,0,36,0,182,0,225,0,0,168,0,132,0,0,0,0,0,135,0,185,0,0,118,99,0,0,0,68,199,0,0,0,0,185,0,0,0,0,0,275,366,308,137,121,121,109,0,58,0,0,0,61,0,347,0,0,0,69
"47","Staphylococcus hominis",0,0,0,79,0,101,232,54,451,51,74,1437,0,168,145,34,0,0,0,41,0,0,0,0,0,0,0,0,0,37,270,1215,0,0,40,437,0,1503,113,366,133,153,0,0,0,221,0,49,69,83,0,0,0,0,0,53,0,0,0,0,0,0,23,0,0,0,0,0,0,0,0,0,0,64,0,0,0,0,0,0,0,0,0,0,0,114,0,0,47,0,42,0,0,0,0,0,52,29,0,0,431,0,70,123,0,0,0,0,0,65,0,0,249,35,0,0,0,0,0,0,55,0,0,41,87,77,0,0,42,0,0,0,0,34,0,0,0,0,0,0,0,0,0,0,0,0,158,101,0,93,78,143,153,0,477,132,40,0,0,115,0,42,96,0,0,0,0,0,0,69,0,0,0,0,154,218,0,0,0,0,0,0,0,46,0,58,0,0,0,0,0,88,0,67,0,0,0,100,115,86,146,56,555,83,124,29,204,37,238,291,143,280,323,31,79,102,126,45,92,64,139,307,192,67,100,283,207,197,0,156,379,87,32,65,169,105,437,93,158,204,171,0,36,78,162,171,62,40,146,32,420,0,0,0,0,60,0,36,0,744,971,0,220,52,0,37,0,269,0,0,0,146,0,32,389,565,0,0,0,0,53,0,58,0,0,71,69,0,0,90,0,30,109,410,170,692,0,0,0,0,120,0,160,110,0,0,175,0,0,141,0,58,313,111,132,82,0,59,25,0,77,197,274,3559,67,166,0,0,169,1724,200,291,44,232,59,388,0,45,29,0,40,38,43,48,0,381,0,55,0,0,0,0,0,105,0,86,31,44,87,58,54,0,0,0,0,0,0,55,35,0,45,0,0,33,51,0,0,0,70,0,0,0,0,30,402,86,0,0,0,0,3521,7640,164,296,133,110,223,85,102,115,60,62,42,59,269,50,0,0,228
"48","Streptococcus sanguinis",0,0,0,118,0,34,73,37,92,61,65,939,0,116,61,0,140,0,80,0,0,0,0,229,0,0,193,34,25,0,104,27,0,26,0,752,34,235,46,596,230,141,0,36,0,77,37,0,59,43,54,41,47,110,138,0,0,0,0,0,0,0,0,0,0,0,0,0,0,0,0,1781,595,293,0,21,0,41,0,39,192,434,86,67,0,328,51,0,0,348,209,85,32,85,45,212,55,44,0,0,23,0,49,58,0,0,0,0,0,49,0,0,94,0,0,0,0,51,0,0,32,0,0,88,44,66,29,0,0,0,0,0,48,89,0,0,0,0,25,0,0,0,0,45,0,0,282,877,94,138,41,219,35,0,151,238,67,30,51,0,0,45,72,0,0,0,0,0,0,0,0,0,101,0,62,34,44,0,0,0,0,0,0,0,0,57,0,0,0,0,0,53,0,0,31,79,70,134,276,256,170,144,162,383,124,54,316,80,234,715,620,510,428,47,306,45,144,38,77,376,394,184,55,39,38,100,68,114,0,77,69,33,76,332,145,193,176,54,285,125,153,34,120,217,207,147,117,0,175,71,95,0,0,23,0,108,0,113,136,174,39,0,86,37,0,0,0,159,0,0,0,0,85,0,349,507,0,0,0,0,0,0,0,0,0,0,0,0,0,0,0,0,86,146,0,180,0,0,0,0,0,0,0,0,0,0,80,0,0,95,0,0,119,0,36,25,0,159,0,0,0,38,129,260,40,155,0,0,42,390,106,43,0,25,29,330,0,75,0,0,31,0,30,0,0,88,0,0,0,56,0,44,0,0,67,60,182,243,0,0,105,0,134,0,0,0,70,0,136,53,106,0,0,39,149,0,0,0,92,573,0,0,0,0,23,79,4329,0,0,0,136,373,285,504,379,154,272,164,96,53,71,0,0,0,91,0,114,0,100
"49","Tessaracoccus flavus",111,0,0,31,0,0,0,224,33,0,358,82,0,43,22,38,0,44,0,0,39,0,0,0,0,33,33,65,0,196,25,149,176,29,0,0,0,55,97,44,67,28,0,97,107,77,0,272,0,40,24,26,31,0,0,0,37,41,0,115,35,181,0,100,57,75,833,1764,0,0,86,0,0,24,69,22,0,0,22,0,213,149,45,0,92,0,62,0,0,81,98,139,162,98,48,100,165,24,179,0,28,49,42,0,0,0,49,0,0,0,69,88,32,24,0,0,0,0,70,0,49,49,63,0,39,31,0,28,0,0,0,0,30,41,45,32,37,26,88,0,0,42,0,33,50,0,0,0,24,0,0,50,103,0,38,38,0,0,50,0,0,0,26,0,0,0,40,53,0,0,42,0,61,0,0,22,0,92,0,0,0,39,135,46,0,0,31,153,184,34,46,0,69,54,77,0,0,114,43,408,935,89,302,93,163,115,600,135,676,895,37,369,108,275,232,1162,107,336,542,223,1108,540,658,147,359,206,278,565,40,138,177,406,210,275,432,64,237,937,143,81,190,346,40,86,295,261,81,39,26,0,0,0,44,52,0,0,0,0,0,55,0,42,40,64,33,0,0,33,0,0,0,103,0,40,0,0,0,0,40,59,32,0,0,0,0,0,0,0,260,57,122,142,131,38,453,45,45,81,0,40,198,28,98,278,530,0,693,0,31,447,198,342,199,744,265,661,233,117,348,286,70,48,184,170,104,197,598,202,161,347,163,724,254,101,31,149,39,244,558,0,165,159,81,104,0,0,0,28,0,0,0,0,0,46,0,0,0,0,0,0,0,0,24,0,0,0,0,34,0,0,0,0,0,0,0,0,0,35,0,0,0,0,0,0,0,0,0,0,0,0,0,0,0,0,22,0,31,49,0,66,0,30,24,184,86,29,108,244,95
"50","Tsukamurella tyrosinosolvens",123,41,0,206,0,0,0,52,30,0,40,31,0,47,31,67,49,57,0,42,57,0,0,0,42,47,0,70,35,50,30,61,120,37,35,44,0,26,0,68,43,33,0,95,89,0,35,48,128,79,122,94,265,50,53,150,112,74,29,163,69,105,0,244,114,83,60,87,0,0,184,126,69,82,733,278,1913,70,47,115,235,159,79,64,175,37,175,67,175,262,133,1054,678,579,462,781,202,60,873,34,72,54,81,75,625,851,902,56,184,99,263,219,75,50,0,66,39,33,1114,206,1709,112,113,99,124,86,107,270,102,49,123,69,386,502,387,3576,3254,82,112,0,0,32,0,601,1047,0,3922,31,0,0,72,114,187,0,55,129,77,0,31,0,0,0,78,44,0,0,0,72,0,44,38,0,28,0,35,65,0,63,35,0,0,30,144,47,0,0,0,48,259,30,44,112,94,66,85,51,0,625,104,87,110,2213,278,344,430,175,257,44,520,146,103,146,1836,201,49,494,152,157,140,110,194,79,99,99,110,114,81,125,36,349,152,131,59,304,117,103,333,139,110,102,1257,42,0,0,144,92,43,59,72,52,250,0,107,49,0,101,0,77,0,153,0,127,118,154,46,0,0,57,0,0,224,83,0,37,47,59,0,0,70,92,35,0,0,0,0,43,23,0,225,53,80,84,77,0,87,0,0,0,0,0,67,0,0,42,90,0,78,0,0,37,102,48,42,137,55,87,75,32,173,101,41,0,47,124,0,55,78,63,38,61,31,65,28,0,0,41,47,52,59,0,32,40,0,42,0,61,26,109,0,36,0,0,49,94,33,0,0,38,207,0,0,0,34,0,44,0,0,50,0,0,38,0,0,0,0,0,0,36,27,36,0,0,0,27,0,0,0,0,50,0,28,0,0,0,0,26,25,46,0,43,0,27,0,66,80,29,0,88,57
"51","Xanthomonas sacchari",117,28,0,23,0,0,0,43,0,0,36,0,0,54,53,30,40,57,0,0,40,0,0,0,38,67,0,73,0,22,0,33,72,50,0,29,0,0,66,0,26,0,0,41,74,41,0,30,32,29,45,29,150,0,0,0,86,60,0,146,36,66,0,147,75,67,88,91,0,0,69,0,27,106,137,81,45,0,0,0,87,72,32,44,146,25,114,0,41,167,0,36,34,185,63,68,31,32,274,95,65,89,68,54,481,809,643,51,302,74,305,294,26,204,114,544,432,0,597,158,481,61,174,44,123,52,69,90,128,98,82,89,43,61,239,635,675,32,135,77,121,308,113,113,159,0,110,0,0,0,0,38,127,0,43,0,0,0,37,0,51,0,0,52,0,0,33,69,0,0,34,0,0,0,0,0,0,67,0,0,0,33,71,43,0,0,0,74,199,35,98,0,55,153,84,0,0,33,37,47,85,76,42,45,44,28,89,0,58,71,21,138,99,86,57,130,0,75,178,64,126,45,120,46,67,80,39,59,1563,28,27,57,44,145,47,39,84,77,26,28,25,145,26,0,54,49,29,49,33,0,0,0,0,0,0,0,0,47,0,52,0,52,0,506,73,0,0,35,0,0,48,79,0,0,0,30,0,0,82,49,0,0,0,0,0,106,143,0,98,0,41,48,34,0,47,0,0,0,0,0,83,0,0,65,163,0,134,0,0,73,182,38,39,130,50,139,211,44,459,136,63,0,177,37,0,48,153,173,51,74,52,47,92,0,44,76,803,45,70,0,39,55,0,133,0,25,0,396,0,0,0,0,62,401,22,37,0,0,0,0,55,0,0,0,0,0,0,0,0,0,35,0,0,0,0,0,0,0,46,0,0,0,63,30,0,0,0,0,41,0,0,0,0,0,0,0,0,32,0,28,0,247,0,59,41,56,39,240,33
"52","Xanthomonas translucens",127,43,0,63,0,0,0,52,30,0,60,0,0,29,46,40,45,52,0,47,73,0,46,0,43,42,0,40,42,57,0,64,95,60,0,25,32,24,85,42,26,25,0,88,203,72,0,59,0,33,55,56,141,0,0,0,115,96,35,183,50,69,22,179,81,119,116,103,0,0,114,0,35,128,148,86,56,0,0,29,89,115,44,41,211,0,192,35,60,285,28,38,33,270,94,114,56,32,335,113,86,84,110,38,636,1139,878,86,337,62,396,429,38,256,104,620,585,0,910,203,622,72,105,81,92,53,80,111,139,118,61,94,71,76,308,782,828,46,189,59,127,368,130,149,205,0,142,0,0,0,25,50,157,0,63,45,0,0,49,0,70,0,31,60,0,0,48,83,37,39,39,0,0,0,0,0,0,63,0,0,0,37,103,56,0,0,0,92,258,49,145,0,101,168,96,0,0,52,62,71,131,68,63,77,74,43,153,0,96,206,41,118,87,117,1827,157,36,101,284,75,191,95,221,67,94,85,65,105,1871,59,88,89,68,214,96,59,131,142,43,41,58,169,52,0,57,75,44,77,46,23,0,0,42,0,0,29,0,28,0,87,0,76,36,710,0,54,0,0,32,0,69,66,0,54,0,0,0,0,83,57,0,0,0,0,0,137,131,0,164,59,46,101,95,0,94,0,0,44,0,0,86,0,45,57,167,0,162,0,0,81,182,53,38,173,77,140,212,49,543,184,77,60,182,34,47,48,192,179,42,70,49,85,95,0,51,0,371,48,88,0,41,62,33,163,0,24,0,548,0,0,0,0,60,588,33,45,0,0,0,0,65,0,0,0,34,0,0,0,0,0,62,0,0,27,0,0,0,25,75,0,0,0,0,56,0,0,0,0,42,0,0,0,0,0,29,21,22,53,29,46,0,360,23,133,71,74,54,348,59
